id,domain,status,purchase_price,renewal_price,attractiveness,demand,length,registrar,created_at,expires_at,status_verified_at
dcb79cd7-c35b-40ea-842f-b76e1eb3e6db,bet.news,resell,,,high,medium,3,"Name.com, Inc.",12/07/2015 17:10,12/07/2027 17:10,26/09/2026 04:23
143dcfe9-c0cb-45bb-9950-44b420603598,crisply.news,available,8.98,41.48,medium,low,7,namecheap,,,14/09/2026 09:37
51b4aaed-603b-4ad1-95fa-f3fde43599e9,cummings.news,available,14.49,32.49,medium,low,8,namesilo,,,25/09/2026 04:27
154d33ec-de66-4f29-bd10-07b06361fdb0,araneae.news,available,8.98,41.48,medium,low,7,namecheap,,,20/09/2026 00:06
7fcd6501-5cc0-4fee-b61b-ac672d7431b8,swallowing.news,available,9.78,26.26,high,low,10,porkbun,,,01/10/2026 23:01
8d3e5a2d-1063-42fc-99e1-20828bfd3ba6,allegany.news,available,7.96,26.08,medium,low,8,spaceship,,,30/09/2026 22:05
fa8dc942-0cb0-47ab-a4a2-9f54289186cd,iec.news,available,7.96,26.08,medium,low,3,spaceship,,,28/09/2026 16:35
6516f3ad-0f92-4b4b-8568-481d1f2d1500,christmas.news,premium,103.7,207.2,high,low,9,spaceship,,,29/09/2026 09:08
53fb98f0-9429-483a-8942-05fc9c1bb59b,medicaid.news,premium,207.2,414.2,high,low,8,spaceship,,,01/10/2026 20:29
da6f7690-9c54-4d6f-b9b8-8b3a68a93e41,lunchtime.news,premium,99.5,138.6,high,low,10,unstoppable,,,01/10/2026 20:24
5092e2fa-79b8-47f9-aa41-e0a32829c3f0,maggie.news,available,14.49,32.49,high,low,6,namesilo,,,25/09/2026 11:56
5c37dff6-92ad-47ed-baea-d9b2a165f8dd,invoice.news,available,25.2,25.2,high,low,8,cloudflare,,,01/10/2026 17:37
40075ade-0579-4554-9e1e-f865ef1964a5,lakshmi.news,available,25.2,25.2,medium,low,7,cloudflare,,,30/09/2026 10:22
5685000d-ddd3-4ab7-a52e-f1ad6b9f7372,rda.news,available,7.96,26.08,high,low,3,spaceship,,,03/10/2026 04:16
3fd49330-409f-4dbe-a603-62d35f580604,neurosurgery.news,premium,400.5,,high,low,12,unstoppable,,,02/10/2026 02:09
ab84e4c1-d6a8-490c-a918-b7761300a95e,constable.news,available,14.49,32.49,high,low,9,namesilo,,,24/09/2026 17:31
9ef4773e-61d3-4109-b0bf-93af68b50198,yuck.news,available,14.49,32.49,high,low,4,namesilo,,,01/10/2026 01:02
b9b668cc-f7cb-436c-b3e0-7f073df99c4a,raisins.news,available,7.96,26.08,medium,low,7,spaceship,,,02/10/2026 02:55
61dbc607-d091-4abe-ab36-1b253cf719ca,stink.news,available,7.96,26.08,high,low,5,spaceship,,,29/09/2026 19:15
3919b684-5690-4802-b6b6-a79fad9c61b8,fatten.news,available,8.98,41.48,medium,low,6,namecheap,,,17/08/2026 23:09
119d50ac-d670-4293-b544-0447536093fd,nose.news,premium,103.7,207.2,high,low,4,spaceship,,,30/09/2026 05:52
ec6b392b-57ff-43c9-bf4a-ea8142988549,floury.news,available,8.98,41.48,medium,low,6,namecheap,,,18/08/2026 09:00
7d07523e-e500-4e35-86fc-86950039f759,lowercase.news,available,14.49,32.49,high,low,9,namesilo,,,25/09/2026 15:23
c172dcee-e0fa-4185-a248-a0e95de4eea3,chappell.news,available,7.96,26.08,medium,low,8,spaceship,,,28/09/2026 21:34
10abf22d-ce41-470a-9766-2242bda64b0c,pornography.news,premium,1107,1107,medium,low,11,namesilo,,,28/09/2026 12:37
c610b705-4b43-4e09-a591-c75253061c5f,osama.news,available,8.98,41.48,medium,low,5,namecheap,,,29/09/2026 22:16
f4feb75d-29ef-4a0a-ac86-414b39875dad,eca.news,premium,,,high,low,3,,,,01/10/2026 23:40
902b5516-b1d9-4c98-b3b7-17bd82b8b26d,blackamoor.news,available,8.98,41.48,medium,low,10,namecheap,,,03/09/2026 15:12
85da616e-1af2-4bbc-80fe-284e01a264c5,slang.news,available,8.98,41.48,high,low,5,namecheap,,,12/08/2026 15:12
60626cc6-b556-47e9-bd82-ea17c2dc612a,censor.news,available,14.49,32.49,high,low,6,namesilo,,,22/09/2026 00:43
d0cd7269-cf26-4b9b-9601-fc5e789b18bb,hutton.news,available,8.98,41.48,high,low,6,namecheap,,,25/09/2026 07:41
ea3b5e05-0ef2-42f5-96c4-7b758db092f5,translation.news,premium,118.8,118.8,high,low,11,namesilo,,,02/10/2026 14:49
da5a25b5-5c00-4e27-b692-3e3d935b7863,impish.news,available,8.98,41.48,medium,low,6,namecheap,,,21/08/2026 22:23
a5b27dd3-e25e-481b-ab75-59db03194972,appliance.news,available,8.98,41.48,high,low,9,namecheap,,,19/09/2026 21:44
bca249ae-f062-43f4-b0eb-45063b18c67c,gauge.news,available,14.49,32.49,high,low,5,namesilo,,,29/09/2026 00:50
d0bad004-5b7f-4b8d-bb70-e03de56da6a6,lion.news,resell,,,high,medium,4,"Xiamen ChinaSource Internet Service Co., Ltd",03/08/2025 15:15,03/08/2027 15:15,30/09/2026 01:36
125b2f8a-2a69-4120-aa27-ac7999267497,bicycling.news,available,14.49,32.49,high,low,9,namesilo,,,23/09/2026 13:28
d4a3a941-6568-4172-8e6f-455bdd0864f8,lice.news,available,14.49,32.49,low,low,4,namesilo,,,29/09/2026 23:05
99de946c-3d1e-48df-867c-49c39c8a80b4,sloppy.news,available,8.98,41.48,high,low,6,namecheap,,,08/08/2026 08:22
994f52bf-2480-442f-8a24-3264216ba944,cozily.news,available,8.98,41.48,medium,low,6,namecheap,,,14/09/2026 08:48
f389bf88-b6ef-459a-ba7e-2da7b936a2ac,adopting.news,available,7.96,26.08,medium,low,8,spaceship,,,30/09/2026 06:46
5cfc131c-10e8-4aac-9b5a-b456fab0874c,apiary.news,available,14.49,32.49,high,low,6,namesilo,,,19/09/2026 17:20
0d35e99b-36b9-4137-b346-5954fc21b56a,pesos.news,available,13.5,,medium,low,5,unstoppable,,,30/09/2026 06:56
3cd7a30e-520e-4860-9579-ff00190b8824,crowned.news,available,8.98,41.48,high,low,7,namecheap,,,13/08/2026 08:34
201fdbb2-6f6b-426e-aa85-eb9369d1ac8c,arccos.news,available,14.49,32.49,medium,low,6,namesilo,,,20/09/2026 01:15
cfd499a8-feb4-4a68-af58-1a6fdbdd6950,crone.news,available,14.49,32.49,medium,low,5,namesilo,,,23/09/2026 04:47
3d36d3c7-52c9-4714-8143-ada7dd6da349,pyramidic.news,available,8.98,41.48,medium,low,9,namecheap,,,09/09/2026 06:57
8e7d9226-bcd9-4f44-99e2-0dcd22348528,issue.news,premium,1107,1107,high,low,5,namesilo,,,29/09/2026 11:12
9a912840-f1e4-484d-b826-ec6d8855a7f5,greenway.news,premium,99.5,,medium,low,8,unstoppable,,,29/09/2026 10:16
3f99c27a-9b83-444d-806c-93ca9d34aba1,antiserum.news,available,14.49,32.49,medium,low,9,namesilo,,,19/09/2026 15:05
d865379d-0c06-494a-8739-096833fbca29,sizeable.news,available,8.98,41.48,high,low,8,namecheap,,,20/08/2026 16:40
c0f33738-73de-4845-b660-52146a9ee946,aeolic.news,available,8.98,41.48,medium,low,6,namecheap,,,17/09/2026 12:35
849a1d53-53ed-4c0e-adf0-b1397f7417de,campanula.news,available,14.49,32.49,high,low,9,namesilo,,,23/09/2026 06:05
6614d0ee-2ec9-46b6-82e4-0d6d65bfde0a,detonation.news,available,14.49,32.49,medium,low,10,namesilo,,,30/09/2026 08:10
f8a6ba6e-bf81-4706-9c98-bd6620806959,nsa.news,premium,118.8,118.8,high,low,3,namesilo,,,27/09/2026 04:50
ab52fe23-0416-43b3-afcf-d2592b4936e8,queens.news,premium,242,242,high,low,6,namesilo,,,30/09/2026 09:00
2605bbfc-f96a-48c0-9297-1f6e5d523065,usages.news,available,13.5,,low,low,6,unstoppable,,,29/09/2026 05:10
1a29dc24-8396-41ba-8dd8-906cea89135f,occupied.news,available,8.98,41.48,high,low,8,namecheap,,,17/08/2026 07:34
c63de38f-da5c-44db-b3c6-edcf17a8ddc9,key.news,resell,,,high,medium,3,Dynadot Inc,27/12/2024 15:15,27/12/2026 15:15,26/09/2026 07:04
a600f7fe-ca35-463b-b61e-f73fcc140d6f,coffeehousing.news,available,8.98,41.48,medium,low,13,namecheap,,,20/09/2026 21:09
a2b62a6f-f62c-4ea0-8176-c361083a0917,laboratory.news,available,13.5,26.08,high,low,10,unstoppable,,,03/10/2026 06:28
7c1a5633-01cb-4cbc-a069-62875cf42264,lutheran.news,available,8.98,41.48,high,low,8,namecheap,,,24/08/2026 12:23
679be7ca-a21f-4e03-8bd4-d43303ebae48,tapes.news,premium,242,242,medium,low,5,namesilo,,,25/09/2026 21:42
639024dc-47c2-4578-bbab-466ae5cc3406,advocated.news,available,25.2,25.2,medium,low,9,cloudflare,,,02/10/2026 21:39
11709459-370c-445c-a24f-a1ad58286747,lunenburg.news,available,14.49,32.49,medium,low,9,namesilo,,,03/10/2026 05:53
fc3f2f7a-cb0c-4d23-a9ab-e33a8de37e72,carols.news,available,8.98,41.48,medium,low,6,namecheap,,,17/09/2026 18:54
135ec2a4-99c4-42ae-81d7-44eef6dec9f2,shitlist.news,available,14.49,32.49,medium,low,8,namesilo,,,24/09/2026 00:19
10fbbb21-8663-4974-ab54-ef3d61f52661,bayat.news,available,8.98,41.48,medium,low,5,namecheap,,,22/09/2026 17:57
dfceb090-8a9b-4ba8-a58d-47c9f7627b7d,cattleman.news,available,8.98,41.48,high,low,9,namecheap,,,23/09/2026 00:40
aae94a6e-0b50-4b1d-9129-948b40af9ed3,gretchen.news,available,7.96,26.08,high,low,8,spaceship,,,29/09/2026 09:29
4af39396-5ade-4586-b033-f35abd1525a2,prenuptial.news,available,14.49,32.49,high,low,10,namesilo,,,22/09/2026 06:05
1ba86b9b-f11a-4c4e-9805-c14b005d6364,hurts.news,available,14.49,32.49,medium,low,5,namesilo,,,27/09/2026 23:53
c7b2309a-aa1e-42b4-867c-74996081a32c,heptad.news,available,8.98,41.48,medium,low,6,namecheap,,,
8f0b45bf-bbb8-4ef5-9c82-dd6c9e3337e5,gains.news,available,8.98,41.48,medium,low,5,namecheap,,,18/09/2026 18:50
319ebe57-d1b6-43c2-a464-d99aca7281d2,accommodation.news,available,25.2,25.2,high,low,13,cloudflare,,,29/09/2026 10:10
5968f1ec-7027-4715-94dd-4f15983dae78,alopecia.news,available,14.49,32.49,medium,low,8,namesilo,,,18/09/2026 13:18
9928e88e-af22-4717-b7c7-fe6ced3aeaf1,wave.news,resell,,,high,medium,4,"Xiamen ChinaSource Internet Service Co., Ltd",29/09/2024 17:00,29/09/2027 17:00,30/09/2026 04:42
bfec51eb-8ad5-4d78-9cb1-e45d0c33da72,serpent.news,available,14.49,32.49,medium,low,7,namesilo,,,29/09/2026 01:45
ee28af92-c687-4a86-9201-d13e2b5fd680,cretin.news,available,8.98,41.48,medium,low,6,namecheap,,,21/08/2026 20:26
b13ab80a-e70a-42ee-b7e8-6589a7956e27,ambystoma.news,available,14.49,32.49,medium,low,9,namesilo,,,18/09/2026 17:36
01928623-4ac7-4cdb-9134-176804fe470b,egyptians.news,available,14.49,32.49,medium,low,9,namesilo,,,30/09/2026 07:12
f1d91094-22a6-42a4-a944-50de529bfc07,honoring.news,available,14.49,32.49,high,low,8,namesilo,,,29/09/2026 13:04
767c2cbf-cccd-4148-b8e5-271d0c74f670,steer.news,available,25.2,25.2,high,low,5,cloudflare,,,29/09/2026 10:54
ae62c94e-ff1d-4806-ac28-600dc6d419a0,capitalize.news,available,7.96,26.08,high,low,10,spaceship,,,30/09/2026 17:00
6a39d89f-a7dc-4d68-b44f-7661e7845bd2,warrenton.news,available,8.98,41.48,medium,low,9,namecheap,,,02/10/2026 18:56
5f121028-be3b-4d2e-adb2-a8a258697320,penciled.news,available,8.98,41.48,high,low,8,namecheap,,,08/09/2026 13:55
48bab38a-6ca3-4b57-943d-f98ddc8d9c78,ashtoreth.news,available,14.49,32.49,medium,low,9,namesilo,,,20/09/2026 14:02
eccc9e28-4a8c-4736-8a8e-f47f430fbc28,worded.news,available,14.49,32.49,medium,low,6,namesilo,,,20/09/2026 15:04
f3d6e06f-bc05-4743-ad96-e42d4a4977c1,aquaculture.news,resell,,,high,low,11,,,,02/10/2026 21:37
9ffa0ced-54ae-4ebb-b088-a068d635d7c2,blithely.news,available,8.98,41.48,medium,low,8,namecheap,,,14/09/2026 00:31
cf88b06b-7596-4da8-91d2-e8335c94406e,dass.news,available,9.85,26.97,high,low,4,dynadot,,,30/09/2026 19:19
fd1fa0d8-74e0-411b-8d7f-5ec13d3e3264,hardheaded.news,available,8.98,41.48,medium,low,10,namecheap,,,21/08/2026 00:26
6851ba92-71f5-46c6-96d5-7034f4d62677,punctuate.news,available,14.49,32.49,high,low,9,namesilo,,,16/09/2026 21:54
ab8dd448-8361-464e-9568-e5a1caac3b80,oversize.news,available,8.98,41.48,high,low,8,namecheap,,,04/09/2026 19:42
0c60b8fc-c7da-495f-8832-3b553868e84c,mathew.news,available,8.98,41.48,medium,low,6,namecheap,,,28/09/2026 16:30
c5a0760f-7952-4983-9bd4-ad073283f5e1,observation.news,available,8.98,41.48,high,low,11,namecheap,,,02/10/2026 04:26
9734efa1-07bd-48ea-898f-6dfcbe08f517,weblike.news,available,8.98,41.48,medium,low,7,namecheap,,,03/09/2026 16:06
523c7f36-c94b-4de9-b0a4-733a3398c4be,attenuate.news,available,8.98,41.48,medium,low,9,namecheap,,,07/08/2026 15:21
bf456e80-a156-4e55-9bd0-969966bc9821,lifelike.news,available,8.98,41.48,high,low,8,namecheap,,,23/08/2026 01:41
21b0103c-7b2f-49ca-b6fb-f3f775fc6071,confines.news,available,8.98,41.48,high,low,8,namecheap,,,24/09/2026 17:13
9bcae280-3efb-4154-a111-cb726df6ea95,consisting.news,available,25.2,25.2,low,low,10,cloudflare,,,02/10/2026 21:09
e2ada5ef-c028-420e-b954-e9fa0ec84a27,symbolical.news,available,8.98,41.48,medium,low,10,namecheap,,,16/08/2026 09:33
04bea62a-7058-44de-8d68-cf6b53ba9f20,bunchy.news,available,8.98,41.48,medium,low,6,namecheap,,,11/08/2026 09:55
35b453b6-40da-41a1-8a41-91fdf64c4f01,warlike.news,available,8.98,41.48,medium,low,7,namecheap,,,21/08/2026 01:40
0d1b85d7-aabd-4b8b-83f3-983652636198,tobago.news,premium,1107,1107,high,low,6,namesilo,,,27/09/2026 05:45
b6d88055-7d0f-4671-b15c-caaf53c2ad0c,mclaughlin.news,available,14.49,32.49,medium,low,10,namesilo,,,27/09/2026 01:56
da20b7ee-8222-49b8-af97-efe96cb7a5df,stringent.news,available,8.98,41.48,medium,low,9,namecheap,,,10/09/2026 22:40
0f640d8c-89b3-4200-b358-d4fbfa1271e7,raving.news,available,8.98,41.48,medium,low,6,namecheap,,,15/09/2026 22:43
01f39ef1-fbf7-4869-8488-225b92551ba5,letitia.news,available,13.5,,medium,low,7,unstoppable,,,02/10/2026 00:22
243e08c8-6bdd-488e-bc3b-d87e68b4a8d8,forest.news,premium,512,512,high,low,6,namesilo,,,19/09/2026 06:42
6a2e01d5-0157-4b59-ae5d-c6b78a2bf1ef,fooling.news,available,8.98,41.48,high,low,7,namecheap,,,18/08/2026 10:35
7b8d76b7-5c2d-4787-bfdf-77001df22ce4,compounded.news,available,8.98,41.48,high,low,10,namecheap,,,12/08/2026 19:34
dad47a4b-ee36-43b8-9535-6790009b4bea,confer.news,available,25.2,25.2,high,low,6,cloudflare,,,02/10/2026 17:14
d61caf23-a1a2-41da-9ee1-eecfa7af8139,rump.news,available,8.98,41.48,medium,low,4,namecheap,,,09/08/2026 11:28
9881d023-06a6-4913-b44e-1988cec34cb6,ideational.news,available,8.98,41.48,medium,low,10,namecheap,,,12/08/2026 19:59
3b7499db-34c7-4086-838f-88742c9fe2d4,learns.news,available,14.49,32.49,medium,low,6,namesilo,,,20/09/2026 05:46
823793af-2dee-49eb-8df3-15b65aad74ac,otiose.news,available,8.98,41.48,medium,low,6,namecheap,,,17/08/2026 20:56
8108c57a-ceb8-4ed1-8e84-2ac0a67c2c1f,abkhazian.news,available,8.98,41.48,medium,low,9,namecheap,,,
a072a8b2-6541-4a79-a360-10b7734b87dd,despot.news,available,14.49,32.49,medium,low,6,namesilo,,,21/09/2026 06:11
74231e1a-d5dc-4b9f-9988-52103578af95,cir.news,available,13.5,,high,low,3,unstoppable,,,29/09/2026 09:07
3f5e27dc-ce6e-49a6-9e20-eb5584a875a1,assuming.news,available,8.98,41.48,medium,low,8,namecheap,,,07/08/2026 08:16
682882e6-3cd6-48be-9240-50e84cf6ee59,semirigid.news,available,8.98,41.48,medium,low,9,namecheap,,,10/09/2026 03:19
4277aafd-c9fd-4962-80df-4390a5e2fdc6,banal.news,available,14.49,32.49,medium,low,5,namesilo,,,22/09/2026 16:37
98f5a087-2d24-42eb-86c2-e7082900a8ef,campy.news,available,8.98,41.48,medium,low,5,namecheap,,,11/08/2026 15:48
e48b079a-4683-435c-a431-71b39f13cea1,narayan.news,available,7.96,26.08,medium,low,7,spaceship,,,29/09/2026 15:24
dd8c3400-9ff4-4a61-a8cc-da9206d45309,matty.news,available,7.96,26.08,medium,low,5,spaceship,,,01/10/2026 23:18
3c8b919f-6d84-40bb-bc1d-9ec2b78c593a,custodial.news,available,8.98,41.48,medium,low,9,namecheap,,,13/08/2026 12:19
083f9067-a033-443d-81a1-c5bbbfc133b6,napoli.news,premium,517.7,1035.2,medium,low,6,spaceship,,,29/09/2026 07:39
59b0c6e2-a212-4fbb-9aee-dd9e42868129,kinshasa.news,premium,1107,1107,high,low,8,namesilo,,,01/10/2026 02:48
daee7b0f-934d-475c-8c18-c85a82e0581b,birder.news,available,17.99,43.99,high,low,6,name.com,,,23/09/2026 20:38
f91fd276-af80-4c18-a245-3929df9edb33,downwards.news,available,8.98,41.48,medium,low,9,namecheap,,,14/08/2026 17:16
2b84db28-26f1-4f45-9866-ccd2ddce1562,seaborgium.news,available,14.49,32.49,medium,low,10,namesilo,,,20/09/2026 22:06
16885168-89c1-4766-ae8f-0d4bde9c7b0c,repellant.news,available,8.98,41.48,medium,low,9,namecheap,,,14/08/2026 10:41
9170a825-8f95-4ce1-94b5-c5a9dfa062ce,unthinking.news,available,8.98,41.48,medium,low,10,namecheap,,,24/08/2026 11:16
a1675671-c0fd-4636-a7e0-0c98f2e25f15,delirious.news,available,8.98,41.48,medium,low,9,namecheap,,,14/08/2026 00:44
10966bd5-5041-47f0-8668-00dc05148353,piggy.news,available,8.98,41.48,high,low,5,namecheap,,,21/08/2026 10:19
63dee4fe-a2aa-49a7-9a38-97c61b2ea0ec,origen.news,available,13.5,,high,low,6,unstoppable,,,29/09/2026 13:37
726cbfaa-59de-4dfc-a3cc-a238504bf2b9,hpv.news,premium,118.8,118.8,high,low,3,namesilo,,,30/09/2026 23:05
3345668b-66a1-40a3-8700-6ce09f7fb437,stench.news,available,25.2,25.2,medium,low,6,cloudflare,,,02/10/2026 04:49
35d0cbca-1b73-4096-b826-0183d882f902,dissimilar.news,available,8.98,41.48,medium,low,10,namecheap,,,14/08/2026 12:48
fd07ce22-5a2b-4581-9460-7a3be9d661ff,empirical.news,available,8.98,41.48,high,low,9,namecheap,,,16/08/2026 18:21
6d704a46-c4e6-4b6f-9cf3-04e04ed24ec3,motorized.news,available,8.98,41.48,high,low,9,namecheap,,,24/08/2026 18:45
7c313348-1821-4a8d-83f7-a06b973fa7be,julien.news,available,14.49,32.49,high,low,6,namesilo,,,28/09/2026 03:56
6970f203-8c6c-4ade-9e9c-09b49ef8651c,michal.news,available,14.49,32.49,medium,low,6,namesilo,,,30/09/2026 12:53
d50a6da9-cdbe-407d-9972-2f3d0b10496a,matted.news,available,8.98,41.48,medium,low,6,namecheap,,,24/08/2026 16:52
91608487-dc9d-4200-8ef4-2cee897a35a3,hildebrand.news,available,14.49,32.49,medium,low,10,namesilo,,,30/09/2026 01:47
cb2c747f-2661-431f-a512-7afb481988d9,seasonal.news,available,8.98,41.48,high,low,8,namecheap,,,10/09/2026 00:58
bae6d2a0-7cf6-4981-8920-f950c3cfc5a9,stainable.news,available,8.98,41.48,low,low,9,namecheap,,,10/09/2026 18:12
67c8ccc8-a14f-408b-a4ff-12af5255f19b,lowborn.news,available,8.98,41.48,medium,low,7,namecheap,,,24/08/2026 10:44
9724c80e-8a8d-4450-a5b9-060d2c773009,extinguisher.news,available,7.96,26.08,high,low,12,spaceship,,,02/10/2026 18:19
85720081-e240-475f-9984-b0e7a29886a1,ringed.news,available,8.98,41.48,high,low,6,namecheap,,,
7d8a5f6d-9e94-4ca6-92d4-aa22c871841c,antakya.news,available,14.49,32.49,medium,low,7,namesilo,,,19/09/2026 12:30
733a125d-0b75-4f62-8775-49cce67e3d35,albany.news,premium,1250,1250,high,low,6,name.com,,,18/09/2026 02:27
60aea197-0c6d-4cbe-b020-4ee0c0a9d1f3,byzant.news,available,14.49,32.49,medium,low,6,namesilo,,,23/09/2026 12:17
e567122f-1277-4865-a86f-da0977509cd5,dennis.news,available,8.98,41.48,high,low,6,namecheap,,,25/09/2026 13:58
5e60dc47-44b5-4651-9b44-34c5d25a6607,defaults.news,available,14.49,32.49,low,low,8,namesilo,,,21/09/2026 07:23
f8a267d1-654d-4667-bebd-5da67fd9903c,survivors.news,available,14.49,32.49,medium,low,9,namesilo,,,28/09/2026 05:06
8c3d5420-4e25-4a91-b0cb-b61920ce749f,anchorage.news,premium,1107,1107,high,low,9,namesilo,,,19/09/2026 03:43
95651f5f-fee4-42ec-ac65-3cbc35471f66,univalent.news,available,8.98,41.48,medium,low,9,namecheap,,,12/09/2026 14:00
a7adc917-3785-4f69-ab6a-2557f8904e0d,promises.news,available,14.49,32.49,medium,low,8,namesilo,,,27/09/2026 03:01
445ce55c-eaaa-4ee7-829c-e431ecddefec,nilpotent.news,available,8.98,41.48,medium,low,9,namecheap,,,03/09/2026 17:28
463b0849-2e6c-45ba-9927-379de8193e87,basileus.news,available,17.99,43.99,medium,low,8,name.com,,,22/09/2026 10:47
154763b1-9065-4f9a-89a0-395f55f31213,stretching.news,available,14.49,32.49,medium,low,10,namesilo,,,29/09/2026 02:14
1bb9cfc2-24fd-4bf8-b08f-52c44867596e,uplifted.news,available,8.98,41.48,high,low,8,namecheap,,,12/09/2026 23:11
bbfdb425-56e7-4908-802a-40923ef76ff0,nicki.news,available,7.96,26.08,high,low,5,spaceship,,,02/10/2026 13:22
5984500f-c8e2-420d-99c6-f5260dfe2dda,inexplicit.news,available,8.98,41.48,medium,low,10,namecheap,,,21/08/2026 22:39
b840630e-e101-48aa-b670-e8a2cd8c6b34,henpecked.news,available,8.98,41.48,medium,low,9,namecheap,,,21/08/2026 06:42
ede0d454-f15c-4f92-bd6c-aa2880663364,heidelberg.news,premium,1107,1107,high,low,10,namesilo,,,25/09/2026 16:09
96b12ade-b30a-4391-88dd-485a503191ef,apec.news,available,25.2,25.2,medium,low,4,cloudflare,,,02/10/2026 08:39
d514e6b5-ba15-4a74-85c8-455fd5941746,inaudible.news,available,8.98,41.48,medium,low,9,namecheap,,,22/08/2026 00:33
f0d3a6af-08c8-4b00-aae9-032da5f64b08,dedication.news,available,14.49,32.49,high,low,10,namesilo,,,18/09/2026 10:32
b5133d9b-53ea-4bb9-b8aa-6193d8fda247,illustration.news,available,7.96,26.08,high,low,12,spaceship,,,30/09/2026 14:22
e3d90fee-6669-49ed-a8df-734a02654bf3,bahr.news,available,13.5,,medium,low,4,unstoppable,,,01/10/2026 16:27
a188326d-f592-4d7e-98e6-a63f2501061e,combatant.news,available,8.98,41.48,medium,low,9,namecheap,,,09/08/2026 13:29
17df3219-6745-453e-8bfc-5fc33fdda4ec,abbatial.news,available,8.98,41.48,medium,low,8,namecheap,,,
d2ad9ebf-413e-41ab-9ef4-74e0cd48efd1,sourish.news,available,8.98,41.48,medium,low,7,namecheap,,,22/08/2026 23:29
2224ef34-3094-403c-8b0b-3ed8abe45392,mislabeled.news,available,8.98,41.48,medium,low,10,namecheap,,,25/08/2026 01:21
f06a59c5-c559-4e95-8e38-f74be8e1c101,ims.news,available,9.78,26.26,high,low,3,porkbun,,,30/09/2026 06:44
73ac1bfe-2e9e-4cdb-b6da-3e637ac8d2da,royalties.news,available,14.49,32.49,medium,low,9,namesilo,,,18/09/2026 03:27
af0a8b20-a7f8-4740-a37a-2aba1cef57fc,bluish.news,available,14.49,32.49,high,low,6,namesilo,,,22/09/2026 22:47
28853709-d974-4c3d-994a-cfe7d91b5521,vestigial.news,available,8.98,41.48,medium,low,9,namecheap,,,13/09/2026 04:54
71789da0-deeb-4e6e-ba87-4b6c24798f1d,technicians.news,available,8.98,41.48,medium,low,11,namecheap,,,30/09/2026 00:29
e74306b9-1584-438e-a41a-e89dcb80509b,beatniks.news,available,8.98,41.48,medium,low,8,namecheap,,,22/09/2026 21:34
0e00ffc3-817c-4c64-81a5-ad0973b1115d,acarus.news,available,8.98,41.48,medium,low,6,namecheap,,,16/09/2026 21:38
d30ba2b5-b626-41d4-b4ba-a9eb85d5efe2,ganga.news,available,7.96,26.08,high,low,5,spaceship,,,30/09/2026 19:38
8a1500c6-deae-45b3-b71e-9404848aa66a,kovacs.news,available,7.96,26.08,medium,low,6,spaceship,,,02/10/2026 20:40
ee70c188-4a54-42ee-affe-9721d998143a,leader.news,premium,1107,1107,high,low,6,namesilo,,,30/09/2026 02:28
056f69de-d282-4da2-a8ed-4e2a16a13186,halted.news,available,14.49,32.49,medium,low,6,namesilo,,,02/10/2026 22:13
0072eedc-d97f-4af2-ac74-3e735b1b207c,erika.news,available,13.5,,high,low,5,unstoppable,,,02/10/2026 08:28
f9ed3f1d-fc7e-4d5e-9c5a-e376aa0ace4e,income.news,resell,,,high,low,6,Porkbun LLC,20/12/2024 23:11,20/12/2026 23:11,29/09/2026 23:55
8c6ba916-856f-4fac-80c5-dfe96aa7f769,coexisting.news,available,8.98,41.48,medium,low,10,namecheap,,,12/08/2026 15:32
3d3f5776-dd5a-482c-9604-b5305e71febe,secondly.news,available,7.96,26.08,medium,low,8,spaceship,,,27/09/2026 19:26
4b254700-8fd3-4aea-be9d-562cd81d03da,practitioners.news,available,14.49,32.49,medium,low,13,namesilo,,,20/09/2026 23:01
2b98ae8a-f15d-402a-99b7-f7d7c9139af8,bouncer.news,available,7.96,26.08,high,low,7,spaceship,,,02/10/2026 23:40
372661a3-3bc1-4140-a57b-a1419b5a5cc5,questionable.news,available,14.49,32.49,medium,low,12,namesilo,,,29/09/2026 02:59
a29cd904-342d-493b-b256-41f34c210ba0,skeletal.news,available,8.98,41.48,high,low,8,namecheap,,,10/08/2026 19:00
dd7105de-4663-4e6a-a9fb-15f2723b3f46,tenanted.news,available,8.98,41.48,medium,low,8,namecheap,,,11/09/2026 11:09
6b922b98-b61d-45d1-ad9e-fcc8ba3029ce,alberta.news,premium,1107,1107,high,low,7,namesilo,,,18/09/2026 02:45
43e72830-c2cc-471e-9bc6-26c5302fbcba,subsequent.news,available,8.98,41.48,high,low,10,namecheap,,,11/09/2026 00:44
ecead568-7a73-4368-b3d0-15c61621d570,obdurate.news,available,8.98,41.48,medium,low,8,namecheap,,,13/08/2026 12:15
84ee2506-6fc7-4499-a055-a2e50ed46a6f,theirs.news,available,17.99,,medium,low,6,name.com,,,
629deef8-8c52-4689-b189-1cd24c50f521,pleasant.news,available,14.49,32.49,high,low,8,namesilo,,,27/09/2026 04:06
0e8db829-c62c-4d35-a515-49d2d5c8a2ad,lucius.news,available,14.49,32.49,high,low,6,namesilo,,,25/09/2026 15:11
9cf71c89-f4ba-436c-9292-00b7dc1997a0,pixilated.news,available,8.98,41.48,low,low,9,namecheap,,,09/08/2026 15:41
c7f50119-74b0-43b2-946c-3449ffe460a2,bonfires.news,available,8.98,41.48,medium,low,8,namecheap,,,20/09/2026 12:29
a07bdcfc-7d54-479b-b52a-a236c2edf8a0,amherst.news,available,14.49,32.49,high,low,7,namesilo,,,25/09/2026 12:38
212ac246-21c0-41fe-84ae-053f2dd82904,themself.news,available,17.99,,medium,low,8,name.com,,,
fa21ef3a-0df7-4324-a967-fef09ba9b35d,jesuits.news,available,7.96,26.08,medium,low,7,spaceship,,,02/10/2026 13:21
0db6a98b-ff0f-42fa-bfe2-b8d36bd91e13,folded.news,available,14.49,32.49,medium,low,6,namesilo,,,28/09/2026 16:55
ab999f85-1df9-49a3-8600-0c1297f80d96,migrate.news,available,13.5,,high,low,7,unstoppable,,,30/09/2026 20:34
8d6b46cf-715b-482e-bb8d-08ab60eb77fb,abandon.news,available,8.98,41.48,high,low,7,namecheap,,,14/08/2026 03:52
283ec830-7989-46dc-bc65-e370d59067db,lose.news,available,14.49,32.49,medium,low,4,namesilo,,,30/09/2026 04:42
fba15bfd-e3c0-41a2-9a7e-39268c53741b,morton.news,available,8.98,41.48,high,low,6,namecheap,,,25/09/2026 05:58
b339065f-62dd-412f-a604-96866b60f958,erst.news,available,8.98,41.48,medium,low,4,namecheap,,,17/08/2026 13:07
c48db512-ab72-4805-8af2-435c2c36d4e5,obstruction.news,available,13.5,,medium,low,11,unstoppable,,,28/09/2026 17:02
6916ac6b-b31c-4167-b59b-149f3221d9a2,darnell.news,available,9.78,26.26,medium,low,7,porkbun,,,01/10/2026 10:55
99dbb4e4-1ffe-4fdf-bde3-68d6ea3b751e,softish.news,available,8.98,41.48,medium,low,7,namecheap,,,10/09/2026 03:22
5ca35b9c-8dca-4550-bb54-0f3c11a08efc,reptiles.news,available,7.96,26.08,medium,low,8,spaceship,,,30/09/2026 14:47
f0c4d526-d956-4ea0-b6e8-58d2a8013c36,needy.news,available,14.49,32.49,medium,low,5,namesilo,,,24/09/2026 06:57
71b5521e-397f-4e51-a2f8-3789efd94555,proceeded.news,available,14.49,32.49,medium,low,9,namesilo,,,18/09/2026 01:36
3c6102f5-93ca-4709-ad99-063cffe4772f,unlivable.news,available,8.98,41.48,medium,low,9,namecheap,,,12/09/2026 14:57
0a768ee7-2173-4683-8cea-e26869bccf73,check.news,resell,,,high,medium,5,"Spaceship, Inc.",14/03/2025 15:15,14/03/2027 15:15,26/09/2026 04:53
c0c6b711-d7c7-4f90-b6d2-6ff2f0ed7909,judgement.news,available,7.96,26.08,high,low,9,spaceship,,,30/09/2026 01:01
dff35344-f6e5-40fb-9f3b-90902f435f44,mechanisms.news,available,9.78,26.26,medium,low,10,porkbun,,,01/10/2026 16:08
b8bb0d4a-223a-43e0-8d39-b67f9bc50352,singularly.news,available,8.98,41.48,medium,low,10,namecheap,,,16/09/2026 01:55
5fcef0a2-ff66-4a98-9f78-bd6859c151c9,leading.news,premium,207.2,414.2,high,low,7,spaceship,,,02/10/2026 07:26
472d3770-0e00-4a8c-85d6-4f9597d49171,paramedics.news,available,7.96,26.08,medium,low,10,spaceship,,,30/09/2026 00:40
6afbef7a-4386-4dd4-a31b-fc136a353e06,drain.news,available,14.49,32.49,high,low,5,namesilo,,,24/09/2026 23:49
e5d7e5c0-a749-4c47-8159-021c29c49fa4,investigated.news,available,14.49,32.49,high,low,12,namesilo,,,29/09/2026 00:03
d0c8ddee-49ec-4576-8fb2-13a4deb7646d,lyttelton.news,available,14.49,32.49,medium,low,9,namesilo,,,02/10/2026 01:07
49d287e6-db1c-4ad1-90bc-fd32fae59652,carlisle.news,available,14.49,32.49,high,low,8,namesilo,,,25/09/2026 14:54
6ac15ea1-547b-4aad-a151-c6a8eabfbd45,mirthful.news,available,8.98,41.48,high,low,8,namecheap,,,12/08/2026 19:00
d599dd9d-2e2c-4cb1-8fe9-3b23244ddff3,wheeled.news,available,8.98,41.48,high,low,7,namecheap,,,13/09/2026 11:20
9502bf02-d52c-4831-95d7-d683a9708f4c,pyrogen.news,available,8.98,41.48,medium,low,7,namecheap,,,09/09/2026 07:01
560aa0e5-03ed-4f5d-9599-8d273f2572ed,holt.news,premium,118.8,118.8,high,low,4,namesilo,,,03/10/2026 02:40
6471b477-422c-4444-a48f-9a720371fb79,thatcher.news,available,14.49,32.49,medium,low,8,namesilo,,,22/09/2026 07:26
a16c4b6d-4df1-4421-8e09-565ae363c913,dished.news,available,8.98,41.48,medium,low,6,namecheap,,,14/08/2026 10:52
b82f8d02-45d1-4632-8f27-f92799f0117b,lin.news,premium,51.43,102.67,high,low,3,spaceship,,,28/09/2026 10:15
c5cef1ae-b248-457a-99fd-fdccdd9f091d,echoing.news,available,9.78,26.26,high,low,7,porkbun,,,30/09/2026 03:52
caf4b588-122d-4f1c-b82d-6c64cac09870,newlands.news,available,14.49,32.49,medium,low,8,namesilo,,,02/10/2026 07:59
99f2318c-a12b-4c52-bf19-244d752838e4,dreamlike.news,available,8.98,41.48,high,low,9,namecheap,,,14/08/2026 18:45
f412ac5f-a759-4e6b-98fc-70ddff5c7eee,cherries.news,available,25.2,25.2,high,low,8,cloudflare,,,01/10/2026 17:14
46b9269a-7a78-4a45-85e2-bfba0c63d775,trustful.news,available,8.98,41.48,high,low,8,namecheap,,,11/09/2026 20:45
d49621ed-deb7-4427-8855-5d4eea3f0e1b,demonstrated.news,available,14.49,32.49,medium,low,12,namesilo,,,17/09/2026 21:56
572ff520-d4e6-42d7-8771-e4c22bf6cf54,gregarious.news,available,8.98,41.48,high,low,10,namecheap,,,20/08/2026 19:56
eb3074bb-5872-4182-bc54-6b2695308bea,incitive.news,available,8.98,41.48,medium,low,8,namecheap,,,22/08/2026 01:27
5546f699-3aa4-4533-b5b4-bb45a303864e,velocities.news,available,8.98,41.48,medium,low,10,namecheap,,,18/09/2026 19:40
9f171835-5416-48dd-a318-792c76ae3801,dirac.news,available,14.49,32.49,medium,low,5,namesilo,,,29/09/2026 18:39
d871467e-159d-4e07-abb7-6683d87f9a16,kitts.news,available,8.98,41.48,medium,low,5,namecheap,,,29/09/2026 09:58
f9ba816d-5ec6-428d-aaf6-97c4581d03af,shapeless.news,available,8.98,41.48,medium,low,9,namecheap,,,
8c806d70-6eea-462a-b4c5-db33411f0566,frail.news,available,8.98,41.48,high,low,5,namecheap,,,18/08/2026 13:59
44de7a04-452a-4e73-a8d5-f1b2a00f6c72,bowl.news,available,14.49,32.49,high,low,4,namesilo,,,24/09/2026 07:38
d5364922-d005-41de-82ba-303988e31e85,spic.news,available,8.98,41.48,medium,low,4,namecheap,,,21/08/2026 20:44
79dbab97-202c-4f60-a7fc-5468f48d97ad,kwh.news,available,14.49,32.49,medium,low,3,namesilo,,,28/09/2026 07:34
6a586efb-160f-4d05-bd86-eaddbe6580ca,blasphemy.news,available,8.98,41.48,medium,low,9,namecheap,,,24/09/2026 04:15
8fab9d1d-1e1b-4cc3-bac1-37a2c3b06213,tata.news,available,7.96,26.08,high,low,4,spaceship,,,28/09/2026 15:39
1b26d29c-679b-4210-ae4a-41d1e26f60b5,describing.news,available,8.98,41.48,medium,low,10,namecheap,,,29/09/2026 04:44
cd95eeab-88e4-459b-a7d7-bec382770779,palish.news,available,8.98,41.48,medium,low,6,namecheap,,,04/09/2026 23:41
38562dd1-7176-40c7-9b94-43a1d698659b,dominic.news,available,14.49,32.49,high,low,7,namesilo,,,27/09/2026 03:45
1e0685b3-513e-4b02-b1cf-5c151407c9c8,marginally.news,available,8.98,41.48,medium,low,10,namecheap,,,15/09/2026 13:29
b13d5b5d-0338-4833-b491-3f282f908ff6,malabar.news,available,14.49,32.49,high,low,7,namesilo,,,29/09/2026 09:09
bf1bd9e0-ab3c-4832-a70b-20c931859755,courtroom.news,premium,517.7,1035.2,high,low,9,spaceship,,,29/09/2026 11:50
169e6bda-d35a-4af9-8b09-3c9d0f6527ab,nei.news,available,8.98,41.48,medium,low,3,namecheap,,,01/10/2026 23:49
11f2c682-c719-48da-9f7d-7813f842288c,wilberforce.news,available,14.49,32.49,medium,low,11,namesilo,,,30/09/2026 05:04
33bcb087-5d38-4ff9-99b0-4ecd78ae63b5,tutorial.news,available,8.98,41.48,high,low,8,namecheap,,,11/09/2026 21:31
0a4e0114-d9bb-429e-9d79-60094ffbafb3,capsulate.news,available,8.98,41.48,medium,low,9,namecheap,,,11/08/2026 18:10
f83a32cc-fbd8-4efa-b70c-84ee32536d09,petrograd.news,available,14.49,32.49,medium,low,9,namesilo,,,29/09/2026 01:34
56120c0a-4d9e-44fd-b18c-ea8bcfb05a3d,pepys.news,available,7.96,26.08,medium,low,5,spaceship,,,30/09/2026 18:18
72a1da94-85ba-4de7-b48b-fb14c448617f,junky.news,available,14.49,32.49,medium,low,5,namesilo,,,17/09/2026 06:52
1e1915e7-0304-4268-a742-b835b3eb8ba9,ascot.news,available,14.49,32.49,high,low,5,namesilo,,,20/09/2026 13:27
a8222710-3c26-41ad-9098-440921586efd,jorge.news,available,8.98,41.48,high,low,5,namecheap,,,25/09/2026 13:21
ab6b36b5-b61b-4578-8af6-c6629bd32403,notation.news,available,14.49,32.49,high,low,8,namesilo,,,19/09/2026 10:43
3ca90cd0-b440-4fbf-b748-c07c6a1fbb19,securely.news,available,8.98,41.48,high,low,8,namecheap,,,16/09/2026 00:50
25f69f7d-9cb5-48b2-b8c2-d60671045ad3,adolphe.news,available,14.49,32.49,medium,low,7,namesilo,,,30/09/2026 00:25
bf39e352-4375-403e-ba6f-efef03de9872,mutation.news,available,8.98,41.48,high,low,8,namecheap,,,03/09/2026 11:41
79ed6fbe-9d00-432c-a3cb-6bcb9f6fc751,steele.news,available,14.49,32.49,high,low,6,namesilo,,,28/09/2026 10:56
508e99f8-9fce-4c8b-8dcf-881675282be1,wes.news,resell,,,high,low,3,"GoDaddy.com, LLC",08/03/2017 22:20,08/03/2027 22:20,26/09/2026 10:07
ad17f4ec-080d-4909-91e0-1874a429b9a3,thuringia.news,available,7.96,26.08,medium,low,9,spaceship,,,30/09/2026 03:01
559e9e3f-b274-42c6-91f5-f8cf0d0c4f5e,nominated.news,available,8.98,41.48,high,low,9,namecheap,,,03/09/2026 18:18
ec9ff026-6f37-410a-9f42-5eb352533ba3,colombian.news,available,8.98,41.48,high,low,9,namecheap,,,12/08/2026 17:18
a571ddf8-58a3-4518-9a15-a345c42c0dbc,adelphi.news,available,14.49,32.49,high,low,7,namesilo,,,30/09/2026 13:46
7d6b5226-6d9e-4d1b-a916-e4b5c1e0e991,gale.news,available,9.85,26.97,high,low,4,dynadot,,,29/09/2026 07:02
cef1e1a2-191f-434d-b503-39e0904d5d0a,chasten.news,available,8.98,41.48,medium,low,7,namecheap,,,11/09/2026 07:42
b6cdafbe-10c3-4490-9d2d-681f7994b63e,karlsson.news,available,7.96,26.08,medium,low,8,spaceship,,,02/10/2026 20:04
5cf8f82d-d465-44a5-a044-c4e4dd9e2938,shandong.news,premium,54.36,108.6,medium,low,8,porkbun,,,29/09/2026 03:52
13e96773-ed5d-4a1f-9345-e24f3e905036,dissolved.news,available,8.98,41.48,medium,low,9,namecheap,,,14/08/2026 12:56
fcd42430-a8ba-4744-a037-3fb286b1bd1c,tehran.news,premium,650,1300,high,low,6,namecheap,,,25/09/2026 22:03
85c5e47a-b6d1-410b-b1f4-0ae0e77aaddd,nativity.news,available,7.96,26.08,medium,low,8,spaceship,,,02/10/2026 05:56
3b17ae1c-81e2-46dd-9f46-b00d8dafab5a,wolfish.news,available,8.98,41.48,medium,low,7,namecheap,,,15/08/2026 07:01
6e13d746-5f8b-4740-973b-c3e777c003f6,pourboire.news,available,8.98,41.48,medium,low,9,namecheap,,,21/09/2026 15:52
e7c60440-6160-4b51-bd7c-67097ead19f9,colonized.news,available,8.98,41.48,medium,low,9,namecheap,,,12/08/2026 17:23
99869024-a738-4730-81b0-d91f84080657,rehabs.news,available,14.49,32.49,low,low,6,namesilo,,,20/09/2026 09:43
8918f54c-f900-4641-b08b-96305c90f1b2,statistic.news,available,7.96,26.08,high,low,9,spaceship,,,30/09/2026 11:05
d8068c7a-ea4e-444b-9e06-c87a93469d14,daycare.news,available,25.2,25.2,high,low,7,cloudflare,,,03/10/2026 00:25
49cd16e0-c67d-4539-9d47-aaba282f4c76,subspecies.news,available,14.49,32.49,medium,low,10,namesilo,,,02/10/2026 06:30
f31cd874-821b-40b6-be26-b526de8fe66c,mozart.news,available,14.49,32.49,high,low,6,namesilo,,,28/09/2026 14:56
a90720ca-2923-49d7-86ef-d6d6b3514df7,quo.news,available,14.49,32.49,high,low,3,namesilo,,,02/10/2026 07:17
fde41659-87d9-4d33-9c25-54498ca56aee,provocative.news,available,13.5,,high,low,11,unstoppable,,,29/09/2026 08:33
f4a2b09a-d760-4dbe-95cc-9deb6e210f9b,elena.news,available,8.98,41.48,high,low,5,namecheap,,,27/09/2026 03:02
f68a48e2-7db6-41ec-94fa-b7051b07e210,maine.news,premium,1107,1107,high,low,5,namesilo,,,28/09/2026 06:19
444d1de6-8422-49ed-80cf-733a6be5a9ff,oromo.news,available,14.49,32.49,medium,low,5,namesilo,,,03/10/2026 04:53
907c5164-fa10-4ac5-9cda-39014c4742b1,complain.news,available,14.49,32.49,high,low,8,namesilo,,,27/09/2026 03:57
9c8b2490-4134-42a6-9a45-853c6ca2c4cc,attempts.news,available,14.49,32.49,medium,low,8,namesilo,,,18/09/2026 16:41
7bc7ba39-4f09-4c17-ba4f-cf7826c9785f,foreigners.news,available,14.49,32.49,low,low,10,namesilo,,,28/09/2026 23:22
9cc6e0ab-6549-49a2-a88d-ddb420bfc182,hiroshima.news,premium,118.8,118.8,high,low,9,namesilo,,,30/09/2026 10:08
331a1cdc-a4c1-4d75-97b1-f4715a354089,coil.news,available,8.98,41.48,high,low,4,namecheap,,,10/09/2026 15:52
eb6dc6f0-1790-43fa-b774-506de17fc367,lengthy.news,available,8.98,41.48,medium,low,7,namecheap,,,14/08/2026 18:32
6cf1b51b-5c92-470b-b1b4-f1be06b1d9c9,sprawl.news,available,8.98,41.48,medium,low,6,namecheap,,,10/09/2026 16:41
dbfae1af-6f19-4d63-9e1a-ac9abff41d6f,informal.news,premium,118.8,118.8,high,low,8,namesilo,,,25/09/2026 09:31
1c6f5cc6-c6af-4e7d-9f10-2dfad88ff931,compassionate.news,available,13.5,,high,low,13,unstoppable,,,29/09/2026 21:13
d51ca5ce-ff42-418f-a58b-c123017c667e,ninety.news,available,8.98,41.48,high,low,6,namecheap,,,
910787bd-9c57-47a9-88be-a496fd2414ae,broad.news,available,14.49,32.49,high,low,5,namesilo,,,19/09/2026 06:03
5ce3569c-2fa6-41b6-be52-f9d16fadf800,knavish.news,available,8.98,41.48,medium,low,7,namecheap,,,13/08/2026 04:34
11c6bfb7-35a7-41d9-95ab-9a100d191c6b,cubical.news,available,8.98,41.48,medium,low,7,namecheap,,,13/08/2026 09:51
9f7c506f-640e-41b4-b576-0e93331f869c,barefaced.news,available,8.98,41.48,medium,low,9,namecheap,,,08/08/2026 09:20
718fbce8-cf12-4076-8d74-7022abbeb045,oppenheimer.news,available,9.78,26.26,medium,low,11,porkbun,,,28/09/2026 21:40
8b26b633-f0dc-4c1e-9280-f64918d890b8,carbonic.news,available,8.98,41.48,medium,low,8,namecheap,,,11/08/2026 18:37
bd629403-5c30-45c8-947f-380e056ed603,unhuman.news,available,8.98,41.48,medium,low,7,namecheap,,,14/08/2026 00:04
631e668d-5be4-4711-b4a5-6f72edfd7553,inherited.news,available,8.98,41.48,high,low,9,namecheap,,,18/08/2026 21:33
c3f92eec-f3e4-4a3f-a1a0-b615d000974f,oder.news,available,13.5,,medium,low,4,unstoppable,,,28/09/2026 20:01
f52090c0-0901-4466-92e6-d825ddfa000e,pleading.news,available,8.98,41.48,medium,low,8,namecheap,,,09/08/2026 15:21
634aa7b2-f71e-4f69-8100-2536a7ae4cf8,failing.news,available,8.98,41.48,medium,low,7,namecheap,,,17/08/2026 20:44
a50d76f9-1557-4346-ba3c-1909dd3ab099,hhs.news,premium,118.8,118.8,high,low,3,namesilo,,,29/09/2026 12:02
bef2022f-056f-46dc-b7a1-3977300303c1,lorain.news,premium,118.8,118.8,medium,low,6,namesilo,,,30/09/2026 21:46
0dd5f995-b1c4-4c1a-b155-da70a9929075,apiarist.news,available,14.49,32.49,medium,low,8,namesilo,,,19/09/2026 17:19
90497b55-38b3-4486-a64e-bcaa1c2b428e,usually.news,available,7.96,26.08,medium,low,7,spaceship,,,28/09/2026 14:12
905c0459-f537-4d46-ad01-24755786ddc4,brazilian.news,premium,650,1300,high,low,9,namecheap,,,11/08/2026 02:57
fd8a9413-9cf9-4060-85ed-30668eb049d0,hatteras.news,available,7.96,26.08,medium,low,8,spaceship,,,01/10/2026 11:18
83d7226e-0e0d-48c6-b0ef-684313b71fc2,signed.news,available,8.98,41.48,high,low,6,namecheap,,,18/08/2026 22:58
18f424ff-2083-40dc-95df-2890927f9323,walters.news,available,8.98,41.48,medium,low,7,namecheap,,,25/09/2026 15:56
96b4d522-d078-4782-8f5a-50c3388ec38d,intestinal.news,available,8.98,41.48,medium,low,10,namecheap,,,04/09/2026 08:14
79eabc76-5c75-4046-a164-d0e424ee1147,casanova.news,available,13.5,,high,low,8,unstoppable,,,02/10/2026 04:18
2a6de7d1-308e-4caa-91e2-70fd490b1214,suffer.news,available,13.5,,medium,low,6,unstoppable,,,28/09/2026 17:46
79cb9061-2ff4-40e4-8b9c-11a79e7dc970,errors.news,available,14.49,32.49,medium,low,6,namesilo,,,17/09/2026 17:09
94a48a95-3a25-403b-9c8f-f41e90163fbb,mcgovern.news,available,7.96,26.08,medium,low,8,spaceship,,,28/09/2026 08:53
e62e007c-bcc0-4c3c-b18e-9dce84af8ac2,bethel.news,available,14.49,32.49,medium,low,6,namesilo,,,23/09/2026 11:13
789a5b24-8c70-4ec4-8972-2fc6f36d7f15,brownsville.news,premium,517.7,1035.2,medium,low,11,spaceship,,,28/09/2026 08:10
c5a8c699-f637-424c-bb33-ce42751682e2,broadcasts.news,premium,650,1300,medium,low,10,namecheap,,,01/10/2026 17:52
11ca0adf-2c99-4bf1-863b-91bfc1a1198b,mohave.news,available,14.49,32.49,high,low,6,namesilo,,,01/10/2026 03:01
7b0a6971-160f-4b9b-9ed0-c6b7886662be,rebirth.news,available,13.5,,high,low,7,unstoppable,,,30/09/2026 02:16
37d274c9-7e0f-4f88-b331-42198915bb3a,tian.news,available,14.49,32.49,medium,low,4,namesilo,,,28/09/2026 16:02
15d860cc-47fe-4e91-80e5-e5426df5558e,reverend.news,available,8.98,41.48,high,low,8,namecheap,,,09/09/2026 16:06
cd7dbee1-8fcf-4112-8efd-4a7e64c92a4d,onrush.news,available,14.49,32.49,medium,low,6,namesilo,,,21/09/2026 01:07
9ef7edba-1144-4a8e-bfee-a400c07e3eb7,swordfish.news,available,13.5,,high,low,9,unstoppable,,,02/10/2026 06:32
64f8a17d-c45f-4af5-b01e-61a3efccc9b6,felid.news,available,8.98,41.48,medium,low,5,namecheap,,,18/08/2026 00:54
8c5d57ea-cd9f-4146-bc74-4d9d53de2b50,repellent.news,available,8.98,41.48,medium,low,9,namecheap,,,14/08/2026 10:39
7f994d43-7a8b-4cb7-92ee-3bc1eed0197a,lavinia.news,available,7.96,26.08,high,low,7,spaceship,,,30/09/2026 05:09
c1203bb1-877b-4998-8d61-c348470704e8,fittest.news,available,14.49,32.49,medium,low,7,namesilo,,,18/09/2026 04:12
ce1b74c3-578d-43eb-a3b9-c3c5aa83c606,flabby.news,available,8.98,41.48,medium,low,6,namecheap,,,18/08/2026 06:05
44bce2ec-b1ee-477b-8c02-40037d92bf77,node.news,resell,,,high,medium,4,,,,03/10/2026 01:28
7fde7348-bb2e-4d5a-a83d-d87e7df55ac9,nairn.news,available,25.2,25.2,medium,low,5,cloudflare,,,03/10/2026 06:14
07405731-91da-4d1c-8754-9ef9ca97ca0b,cycle.news,premium,64.35,128.7,high,low,5,namecheap,,,08/09/2026 12:19
8b7edb33-f586-45e8-ba89-3109c8fb6c8d,proclaimed.news,available,14.49,32.49,high,low,10,namesilo,,,22/09/2026 05:13
18054d6e-f7b7-41f9-b63a-b1bd7d3b0b68,recessions.news,available,14.49,32.49,low,low,10,namesilo,,,21/09/2026 06:29
3cf86fd4-d782-441b-bfb1-47c14465ab6c,blasts.news,available,14.49,32.49,medium,low,6,namesilo,,,02/10/2026 13:35
4a4085cb-41a5-400b-9047-91cac9d6482b,adlumia.news,available,14.49,32.49,medium,low,7,namesilo,,,17/09/2026 08:37
04b841cf-30fe-4e09-ae56-8b8141fc2d20,mouths.news,available,14.49,32.49,medium,low,6,namesilo,,,18/09/2026 08:01
05ba5a73-25d3-493e-bde2-d0e7807ce1aa,captains.news,available,7.96,26.08,medium,low,8,spaceship,,,28/09/2026 23:33
64a8c539-93f9-48c9-9f71-03a168cf3e98,ineffective.news,available,7.96,26.08,medium,low,11,spaceship,,,30/09/2026 12:11
d1768fae-d300-48fc-bc52-8fc48637321e,depict.news,available,7.96,26.08,high,low,6,spaceship,,,30/09/2026 19:11
27aef9b3-fdf9-42ce-921b-220599df50e0,coital.news,available,8.98,41.48,low,low,6,namecheap,,,12/08/2026 16:22
a3398ff8-04ba-48bc-b828-14651b191045,mouthguard.news,available,17.99,,medium,low,11,name.com,,,
eb8b75c3-6ff4-4d60-bfeb-b3a80e693df2,carangid.news,available,8.98,41.48,medium,low,8,namecheap,,,11/08/2026 18:31
eee975af-919e-4108-8f18-e144e2f2ab39,honestly.news,available,8.98,41.48,high,low,8,namecheap,,,
acf53e3e-f949-42be-8fc6-de8bc5512eb3,truster.news,available,14.49,32.49,medium,low,7,namesilo,,,23/09/2026 05:14
3ff31e68-ff5e-4fc8-bd52-0e052a42b876,markers.news,available,25.2,25.2,low,low,7,cloudflare,,,29/09/2026 06:04
62192cef-1e20-44d3-8a05-9af848ffa9fb,antennae.news,available,9.85,26.97,medium,low,8,dynadot,,,02/10/2026 21:36
5bac780b-a4f7-446d-8c5a-59e8244b3bb9,oatmeal.news,available,13.5,,high,low,7,unstoppable,,,29/09/2026 05:27
dc0545c6-c9a7-48d3-b8be-a7b7353e5330,spongy.news,available,8.98,41.48,medium,low,6,namecheap,,,10/09/2026 16:24
4fa41371-c4b8-4a54-9f99-22c92fda5e32,prices.news,available,17.99,,medium,low,6,name.com,,,
513cd210-3139-46c9-9ba5-0f23b27a253e,sexless.news,available,8.98,41.48,medium,low,7,namecheap,,,10/09/2026 05:17
ccb5a213-5d7b-40bf-a57d-8e7bae497c6e,enthusiast.news,available,8.98,41.48,high,low,10,namecheap,,,08/09/2026 02:16
2c09f87a-3906-4032-86da-4647fd56c57c,moran.news,available,14.49,32.49,high,low,5,namesilo,,,25/09/2026 14:09
c8dedcc0-d485-413b-8f12-da5f25d8f976,mckenna.news,available,25.2,25.2,high,low,7,cloudflare,,,27/09/2026 19:59
8c63821d-0e43-42a9-a044-c79dbee8b596,sections.news,available,8.98,41.48,medium,low,8,namecheap,,,29/09/2026 05:14
787b6b78-e279-4d55-bc60-026948c75ae4,agiotage.news,available,8.98,41.48,medium,low,8,namecheap,,,17/09/2026 18:03
894ef5b0-fcb7-498b-b2ac-a38e39596b94,unopen.news,available,8.98,41.48,medium,low,6,namecheap,,,10/09/2026 07:06
a58710cf-be46-46c5-a414-59c27f2721d6,landscapes.news,available,13.5,,medium,low,10,unstoppable,,,01/10/2026 18:18
222219fc-5f13-4079-9897-78c30337c9cb,macdowell.news,available,8.98,41.48,medium,low,9,namecheap,,,02/10/2026 14:58
2f5233bc-ef66-4acc-a09b-4ee0cf27653e,cristo.news,available,14.49,32.49,medium,low,6,namesilo,,,29/09/2026 11:33
5681be0b-5c0f-42c4-948a-282ac574a475,rental.news,resell,,,high,low,6,"GoDaddy.com, LLC",29/05/2019 04:25,29/05/2027 04:25,26/09/2026 08:36
36cfc9bb-0124-44fd-9eed-d0e4f982863c,turks.news,available,25.2,25.2,medium,low,5,cloudflare,,,29/09/2026 16:41
c5941066-d4f3-40b8-bb80-4bf077d316bd,wonders.news,available,14.49,32.49,high,low,7,namesilo,,,18/09/2026 02:01
c4a4d35d-dd4d-4e9c-b062-88540f100143,throwing.news,available,14.49,32.49,high,low,8,namesilo,,,27/09/2026 08:46
834f1658-94f2-46f4-a2b0-2c41679fabeb,tuition.news,available,25.2,25.2,high,low,7,cloudflare,,,28/09/2026 15:30
11239d5c-a90e-4881-b2fb-dc87416e7eb0,stove.news,available,8.98,41.48,high,low,5,namecheap,,,19/09/2026 18:48
ac912f78-eb93-45ac-b839-74cef8b549cb,aegina.news,available,14.49,32.49,medium,low,6,namesilo,,,17/09/2026 12:15
2b4a445a-f30e-4e1b-b5c7-f30adcd0c226,latvian.news,available,8.98,41.48,medium,low,7,namecheap,,,22/08/2026 20:47
4956834e-6a17-479b-9d68-a9b12f4d8dfa,execrable.news,available,8.98,41.48,medium,low,9,namecheap,,,
2b1c9da3-bc3a-4d04-b8c7-8626888d2c23,aeronautic.news,available,8.98,41.48,high,low,10,namecheap,,,
29e17fba-cff9-46ac-a667-a29ad6f13066,motionless.news,available,8.98,41.48,medium,low,10,namecheap,,,25/08/2026 07:28
b29b9b10-c4ee-4c2c-9e15-0350c3f9e27b,fewer.news,available,14.49,32.49,medium,low,5,namesilo,,,24/09/2026 17:41
c7f8cd99-dcaa-4547-a4e3-2b01cb607e3a,seafood.news,premium,64.35,128.7,high,low,7,namecheap,,,08/09/2026 02:47
5de525ed-1d25-430f-9e4b-651162aab6f1,homozygous.news,available,8.98,41.48,medium,low,10,namecheap,,,21/08/2026 13:12
61aaf26c-20a6-49a3-9aad-64c7cb516267,multinational.news,available,14.49,32.49,medium,low,13,namesilo,,,01/10/2026 05:37
371b9301-db36-4b20-9d2f-9a3b3d406bff,neurologist.news,available,14.49,32.49,high,low,11,namesilo,,,02/10/2026 07:08
87d4c411-6b8d-47d4-9ab4-b2bf54f905da,consequent.news,available,8.98,41.48,high,low,10,namecheap,,,
c48aa75b-16c9-4169-90b8-bd9415b22e64,digby.news,available,8.98,41.48,high,low,5,namecheap,,,29/09/2026 15:01
b8891f02-ecc2-42ce-ad02-41e842bb437d,oblige.news,available,8.98,41.48,high,low,6,namecheap,,,03/09/2026 23:41
2a1f36ad-9d40-4fb1-9b79-fe58b2e603ec,scruples.news,available,14.49,32.49,high,low,8,namesilo,,,24/09/2026 17:26
43ea83aa-cc39-4c85-b27e-07cffd1756c1,ternate.news,premium,64.35,128.7,medium,low,7,namecheap,,,11/09/2026 11:53
bed4498f-de29-4f8f-945f-1d53907d6b94,shoddy.news,available,8.98,41.48,medium,low,6,namecheap,,,12/08/2026 03:27
7943a2b6-4a1d-4ea5-98fb-a7ebc48b543d,nonu.news,available,8.98,41.48,medium,low,5,namecheap,,,03/09/2026 18:37
0fbb13a1-b22e-40cf-aa07-9deb17bde640,helpfully.news,available,8.98,41.48,medium,low,9,namecheap,,,15/09/2026 00:07
591b3711-f624-47a8-9bc5-a9ef57f5e347,hans.news,available,14.49,32.49,high,low,4,namesilo,,,01/10/2026 11:24
9449277b-0372-41f9-bcb7-81d185d06fcb,docile.news,available,8.98,41.48,medium,low,6,namecheap,,,14/08/2026 14:17
bc42b42a-36ef-4d2e-b416-9f015ee20d25,shoppers.news,available,8.98,41.48,high,low,8,namecheap,,,20/09/2026 20:14
92c2eca4-7a4e-472d-bd32-1e6910f87570,unbolted.news,available,8.98,41.48,medium,low,8,namecheap,,,12/09/2026 01:36
c4f4f44f-88a7-468b-a1cc-d5ff37b0b97b,sauciness.news,available,8.98,41.48,medium,low,9,namecheap,,,20/09/2026 02:25
d526d148-bbb0-4ade-9904-c6b4a9518c38,seditious.news,available,8.98,41.48,medium,low,9,namecheap,,,22/08/2026 01:29
f34ef518-cf02-44eb-9482-cd909e32923a,monestrous.news,available,8.98,41.48,low,low,10,namecheap,,,25/08/2026 04:32
b6e2494e-6c2d-436e-9287-874a1f4fcd1e,chiefly.news,available,14.49,32.49,high,low,7,namesilo,,,25/09/2026 05:59
d1a3143b-955d-4c7d-91ef-0ceaf2aa5db3,inlet.news,available,9.85,26.97,high,low,5,dynadot,,,03/10/2026 01:17
9930cbb7-d591-4244-a1bc-429c36df4ae8,danbury.news,premium,118.8,118.8,medium,low,7,namesilo,,,29/09/2026 10:05
caf084e6-3b3b-405b-beef-3c9dc04e67de,disgruntled.news,available,14.49,32.49,medium,low,11,namesilo,,,01/10/2026 05:39
3f8e9992-8993-4e81-ad0e-4fc0d1add488,libber.news,available,8.98,41.48,medium,low,6,namecheap,,,18/08/2026 01:03
7424a403-d5eb-4c9a-95d7-58aedb0e143c,arequipa.news,premium,118.8,118.8,medium,low,8,namesilo,,,20/09/2026 03:53
cb3cdb8a-f22a-4b6f-ad73-fa64626467a3,rfc.news,available,14.49,32.49,high,low,3,namesilo,,,27/09/2026 06:31
e738f5ad-0984-4853-a3ec-1b344f910481,gradable.news,available,8.98,41.48,medium,low,8,namecheap,,,08/09/2026 03:31
2e539984-dba7-49a4-8cf7-f6e1b1aa58c6,stephan.news,available,25.2,25.2,high,low,7,cloudflare,,,27/09/2026 20:08
e7a54e5c-8dff-4837-88ce-7919591cfce4,profess.news,available,9.85,26.97,high,low,7,dynadot,,,30/09/2026 17:40
a25ce316-8066-4197-b41b-7805579ff20b,mules.news,available,7.96,26.08,high,low,5,spaceship,,,29/09/2026 21:20
fc7f500e-41da-47d3-83c8-ea261e77fe13,second.news,premium,242,242,high,low,6,namesilo,,,21/09/2026 12:59
d016228e-c98d-4281-86a2-abe0e2c5c55b,hanks.news,available,25.2,25.2,medium,low,5,cloudflare,,,01/10/2026 19:55
cd6ebd6e-82f8-4e35-b75c-a593a9d7d12f,beanball.news,available,8.98,41.48,medium,low,8,namecheap,,,22/09/2026 20:24
efc02509-5605-4033-82a4-e8e6d42be69a,manuscript.news,available,8.98,41.48,high,low,10,namecheap,,,28/09/2026 10:05
0736aaaa-708a-4625-ba3d-8084248ac419,eames.news,available,9.85,26.97,medium,low,5,dynadot,,,01/10/2026 18:56
f540df3c-28af-4d03-a016-eb85a2cada24,arenga.news,available,14.49,32.49,medium,low,6,namesilo,,,20/09/2026 03:43
7bd30dba-7ce5-47b9-85a0-43eee4c7d2ca,site.news,premium,1107,1107,high,medium,4,namesilo,,,25/09/2026 23:13
32b5814b-e33e-4067-9062-3e643d464096,unrepaired.news,available,8.98,41.48,medium,low,10,namecheap,,,12/09/2026 18:17
daf6097d-4ce6-4b98-af14-b0f0fc2d5e1f,marshes.news,available,14.49,32.49,medium,low,7,namesilo,,,02/10/2026 03:37
e03fa2a6-4881-482b-a296-db9d2afe88a3,powhatan.news,available,14.49,32.49,high,low,8,namesilo,,,01/10/2026 03:20
80a53b07-9046-4f31-9fe8-b41569f8e8c4,sacrificed.news,available,14.49,32.49,low,low,10,namesilo,,,28/09/2026 17:16
b2f64735-0bcf-419d-8bb0-7c8e18a77b64,mottled.news,available,17.99,43.99,medium,low,7,name.com,,,13/08/2026 17:41
ac056f4b-b935-4fc7-bb90-a08928b8592f,trinidad.news,premium,1107,1107,medium,low,8,namesilo,,,01/10/2026 22:00
aaec5828-5754-4ea8-a0d6-55b1d57df4f4,agrees.news,available,7.96,26.08,medium,low,6,spaceship,,,28/09/2026 12:39
51d442b9-89a9-404e-8669-1c1fe929ce98,weakness.news,available,8.98,41.48,medium,low,8,namecheap,,,17/08/2026 20:45
a62b9bda-8f82-4418-8bfc-b7f776ff7c75,porcelain.news,available,14.49,32.49,high,low,9,namesilo,,,29/09/2026 13:43
02452377-3a1b-43eb-a6dc-50ac53436c60,fairview.news,available,7.96,26.08,medium,low,8,spaceship,,,28/09/2026 16:52
0db4e92b-4ee8-47bf-a8ff-88727416e9f5,hutchison.news,available,14.49,32.49,medium,low,9,namesilo,,,28/09/2026 22:09
449a9a62-2661-4750-98d5-5f67992e72e3,reassigned.news,available,13.5,,medium,low,10,unstoppable,,,30/09/2026 16:25
281a6725-c614-4bbf-995c-0321864fdace,dunlap.news,available,7.96,26.08,medium,low,6,spaceship,,,28/09/2026 12:20
b19a3a7d-6977-41d8-9dc3-712279f3ea6b,sri.news,available,13.5,,high,low,3,unstoppable,,,30/09/2026 12:46
33eb8e7d-6021-4323-96e8-6910517fe5d5,avril.news,available,13.5,,medium,low,5,unstoppable,,,02/10/2026 22:03
ab5ed56e-06f2-4ef4-a7d3-7b67c8d29ef3,roofless.news,available,8.98,41.48,medium,low,8,namecheap,,,14/08/2026 12:09
922c137a-1421-40f8-9c6e-7ed5412b9717,bugs.news,resell,,,medium,low,4,Porkbun LLC,23/03/2026 01:42,23/03/2027 01:42,26/09/2026 04:39
6ba553ef-9864-4657-80e9-21e5a906dc6c,doubted.news,available,8.98,41.48,low,low,7,namecheap,,,29/09/2026 16:14
db41c451-1569-4fff-865a-f72d0aa4d3d8,godmother.news,available,7.96,26.08,high,low,9,spaceship,,,01/10/2026 19:50
3eab819b-545e-435f-8f08-afea85b3f918,argot.news,available,8.98,41.48,medium,low,5,namecheap,,,13/09/2026 04:14
3ed5c897-dc7a-41c9-8b85-9aacc712d45e,envelope.news,available,8.98,41.48,high,low,8,namecheap,,,25/09/2026 22:36
1545c1c8-7821-4a34-b195-929af524e8d4,rink.news,available,13.5,,high,low,4,unstoppable,,,01/10/2026 03:34
31802987-8047-4b30-9342-24fbcba85a0a,thief.news,available,13.5,,high,low,5,unstoppable,,,30/09/2026 11:55
6021dda4-c6bf-4b21-91f0-bf37e848764a,baronage.news,available,14.49,32.49,medium,low,8,namesilo,,,22/09/2026 07:18
999c833e-3453-4a83-820f-a6d9a4b6907a,rimed.news,available,8.98,41.48,medium,low,5,namecheap,,,09/09/2026 17:39
534efe39-1a60-4411-9c79-123a73bb0ddc,bigger.news,available,14.49,32.49,high,low,6,namesilo,,,29/09/2026 20:37
df69adc1-c7dd-4a8e-aa3b-7d1e5d6041df,wailing.news,available,8.98,41.48,medium,low,7,namecheap,,,22/08/2026 19:04
94814509-a382-44ef-b677-95424ad23cb1,newcomers.news,available,14.49,32.49,medium,low,9,namesilo,,,02/10/2026 03:04
32386876-9914-4b1e-bf4f-a3a40301bc4c,romp.news,available,8.98,41.48,high,low,4,namecheap,,,09/09/2026 19:26
82fba008-d991-495e-ac57-04f4a1a94459,woodland.news,premium,108.9,108.9,high,low,8,dynadot,,,29/09/2026 20:30
727fd26b-be39-4101-a456-d21efc1a2c42,freckled.news,available,8.98,41.48,medium,low,8,namecheap,,,18/08/2026 14:26
91a0c41a-2a1b-4237-8dd8-a91da4112e7e,adoration.news,available,14.49,32.49,high,low,9,namesilo,,,17/09/2026 09:44
703d34a8-db89-47be-8b86-573304eaf193,expertly.news,available,8.98,41.48,medium,low,8,namecheap,,,14/09/2026 17:05
63f88cef-9a9d-4999-9881-c9eb761758f8,meuse.news,available,14.49,32.49,medium,low,5,namesilo,,,20/09/2026 04:35
ffc71b4e-be86-4a4c-9fec-08ebd195947b,dusk.news,available,8.98,41.48,high,low,4,namecheap,,,11/09/2026 21:39
54fc4b19-70b4-4ded-9f7b-c483c87a5af3,inverted.news,available,8.98,41.48,medium,low,8,namecheap,,,
ccdb77ec-7b96-4138-8b66-a134f8156a1b,selfmade.news,available,8.98,41.48,high,low,9,namecheap,,,10/09/2026 02:03
7affd370-603a-4dbc-8f4e-7272b8a2c9e1,alienating.news,available,8.98,41.48,medium,low,10,namecheap,,,
197152ed-1ce2-47c4-9197-9761f04b32d7,rogers.news,premium,118.8,118.8,high,low,6,namesilo,,,27/09/2026 12:11
a544fbc5-6d38-44b9-bc8d-9575c8e80a70,expendable.news,available,8.98,41.48,medium,low,10,namecheap,,,17/08/2026 18:08
e566e278-3468-4b67-8ec8-e8bc491d36f3,pertinence.news,available,14.49,32.49,medium,low,10,namesilo,,,19/09/2026 21:52
cac000e1-182e-4256-a944-5664eab1a624,addendum.news,available,14.49,32.49,high,low,8,namesilo,,,17/09/2026 06:41
73a76fa7-c777-4ffb-8b31-4f2bb8cdd8ae,assassinate.news,available,7.96,26.08,medium,low,11,spaceship,,,30/09/2026 19:24
c858f275-799b-4f75-ab7a-cc0f68a7011c,operable.news,available,8.98,41.48,medium,low,8,namecheap,,,04/09/2026 16:20
e4bc10b6-1360-4528-bf85-b0df880baa25,upwardly.news,available,8.98,41.48,medium,low,8,namecheap,,,12/09/2026 22:57
2f90364e-18eb-420f-a145-30437f87427c,seamy.news,available,8.98,41.48,medium,low,5,namecheap,,,10/09/2026 00:49
4cbaf111-b25f-48b1-b5d7-1eb8b76e2676,aesthete.news,available,14.49,32.49,medium,low,8,namesilo,,,17/09/2026 13:35
d6fc1915-28bb-4b18-b96c-73291d8e1f4c,tunica.news,available,14.49,32.49,medium,low,6,namesilo,,,17/09/2026 10:35
2acde24a-dded-46fe-9240-76751c1fb72d,cinque.news,available,8.98,41.48,medium,low,6,namecheap,,,
9d9c38e3-b468-4d6d-880f-a9c5e54c7cfe,blocking.news,available,25.2,25.2,high,low,8,cloudflare,,,28/09/2026 00:53
6fd252f9-d719-4778-8c96-cf0dc3d60345,unceasing.news,available,8.98,41.48,medium,low,9,namecheap,,,
4d2e07c6-c839-40ff-99ab-5815c69390c0,crucifixion.news,available,13.5,,medium,low,11,unstoppable,,,01/10/2026 13:41
c980e661-013f-4045-97fd-644b6c1d5583,unspent.news,available,8.98,41.48,medium,low,7,namecheap,,,12/09/2026 09:36
0f351f0a-4a26-404a-bcd4-bad22ec938dd,twenty.news,premium,118.8,118.8,high,low,6,namesilo,,,21/09/2026 12:24
f03a769e-5c75-4e22-869e-c9f1a406c9b8,expanding.news,available,7.96,26.08,medium,low,9,spaceship,,,28/09/2026 17:53
3fd2b93f-4688-414b-84fc-611b9567b0c3,anyplace.news,available,8.98,41.48,medium,low,8,namecheap,,,13/09/2026 20:15
81d8d98f-46a2-40e4-a9e3-47aa94bb5fa5,tolu.news,available,17.99,43.99,medium,low,4,name.com,,,22/09/2026 00:08
290e97af-a947-48a8-92f5-ecd4cba81f59,thanksgiving.news,available,17.99,43.99,high,low,12,name.com,,,16/09/2026 10:18
9cfe3069-76ed-4344-9867-4dbddcbd59f4,sixer.news,available,8.98,41.48,medium,low,5,namecheap,,,
820ce19f-a3fc-42ed-ac61-251394d1642c,deere.news,available,19.99,55.99,high,low,5,godaddy,,,30/09/2026 01:17
0fa73db0-df21-4225-9aa1-6089d287ae1b,translucent.news,available,7.96,26.08,high,low,11,spaceship,,,01/10/2026 22:29
b61e550e-9095-496f-838d-7a54004cf7e1,uncritical.news,available,8.98,41.48,medium,low,10,namecheap,,,12/09/2026 06:26
234da26f-d28f-4e1e-b4fe-7b2f4c52797b,visiting.news,available,7.96,26.08,high,low,8,spaceship,,,30/09/2026 14:33
3e12b619-109e-4592-bace-e6e60b8171c4,finley.news,available,7.96,26.08,high,low,6,spaceship,,,28/09/2026 04:02
5befde29-1eb3-4ee4-9ab6-44c7cfd8b8c5,algid.news,available,8.98,41.48,medium,low,5,namecheap,,,
d2ac6a7a-f95d-4e4d-ba02-b48417f9dbea,monotony.news,available,8.98,41.48,medium,low,8,namecheap,,,21/08/2026 15:10
459ba9ee-9ddb-4045-81c7-3edae6e43987,antifungal.news,available,8.98,41.48,medium,low,10,namecheap,,,
e3632f75-89ca-43d7-8b0c-4684be04b8c1,punctually.news,available,8.98,41.48,high,low,10,namecheap,,,14/09/2026 14:45
80d3dcc5-2f4e-48e2-8d64-9a64fb65de8d,lucerne.news,available,14.49,32.49,high,low,7,namesilo,,,18/09/2026 06:08
79bd4a79-c2e8-418f-ad3a-b83eebb34c0c,carex.news,available,8.98,41.48,high,low,5,namecheap,,,30/09/2026 08:57
fa195d0a-8eb2-4338-8d9d-65db7b6a4c30,suggestion.news,available,14.49,32.49,high,low,10,namesilo,,,25/09/2026 07:41
f4a0dc0c-0664-442f-9ae5-329c50a1b957,searched.news,available,8.98,41.48,medium,low,8,namecheap,,,18/09/2026 02:50
9d2ea8d4-ac69-4cf4-9c47-3ab1cd16022e,ineptitude.news,available,8.98,41.48,medium,low,10,namecheap,,,21/09/2026 10:06
b4ae1180-b6b0-42b2-b0ac-ddb623c5fea8,imprecise.news,available,8.98,41.48,medium,low,9,namecheap,,,21/08/2026 23:00
94a0658c-ef5b-4d6f-ad9d-0bf14f2d8bbc,hillsborough.news,premium,51.43,102.67,medium,low,12,spaceship,,,28/09/2026 07:56
4404038b-e2ce-4ae8-bc8d-6f7ec00a1fb5,farley.news,available,7.96,26.08,medium,low,6,spaceship,,,30/09/2026 13:41
79b5929d-ca5b-447f-abd4-f853801f6e60,labial.news,available,8.98,41.48,medium,low,6,namecheap,,,22/08/2026 17:19
43ef6d5c-4ed5-4be4-9ab0-e987577058c4,ark.news,premium,512,512,high,medium,3,namesilo,,,20/09/2026 06:09
5c9f991d-87f1-4492-a2e1-ec7c1c360424,beverage.news,available,7.96,26.08,high,low,8,spaceship,,,01/10/2026 03:28
e0ef10d9-0f8f-434c-a83c-698043e2a197,finicky.news,available,8.98,41.48,medium,low,7,namecheap,,,18/08/2026 04:58
85a123cf-a289-48a4-a214-00f09a02f69a,nephews.news,available,7.96,26.08,medium,low,7,spaceship,,,02/10/2026 03:22
1775f740-bb39-4105-b94c-0df2a2a9c35e,calmness.news,available,8.98,41.48,high,low,8,namecheap,,,11/08/2026 14:56
852eafe7-efd7-401c-a092-b98eb65962c5,rhodesian.news,available,8.98,41.48,high,low,9,namecheap,,,09/09/2026 16:41
41aaa138-53dd-4fad-a798-487f8bc23122,counterattack.news,available,8.98,41.48,medium,low,14,namecheap,,,01/10/2026 23:06
8b4aa820-025a-4c29-a84b-6a742589b021,hurricane.news,resell,,,high,low,9,,,,27/09/2026 14:11
2e3f9da4-a0f9-4892-a59a-d31d4dde312d,sba.news,premium,99.5,,high,low,3,unstoppable,,,30/09/2026 11:00
00d7b17a-3f37-454f-9c12-cc3d9a68e5fa,bhopal.news,premium,,,medium,low,6,,,,30/09/2026 20:45
a2bc362a-5e13-4186-acc5-29b20518d8d5,pots.news,available,14.49,32.49,high,low,4,namesilo,,,28/09/2026 16:57
4b8b3b29-4c5d-4198-a830-90bc93753f00,erection.news,available,7.96,26.08,high,low,8,spaceship,,,29/09/2026 00:49
c801ff1c-5d21-483b-9984-9111894060aa,sugars.news,available,14.49,32.49,medium,low,6,namesilo,,,18/09/2026 08:14
d68b25d9-2bfd-4511-a7b7-f082832d16bd,arbitration.news,available,7.96,26.08,high,low,11,spaceship,,,02/10/2026 21:27
39f72451-4b2c-4e1a-be54-61e2bc5f1abf,stunningly.news,available,14.49,32.49,medium,low,10,namesilo,,,16/09/2026 06:09
2e79f1de-62e2-4bd3-a796-24a7749f46ef,finely.news,available,8.98,41.48,high,low,6,namecheap,,,14/09/2026 11:23
3fed4b2e-e4d2-4119-b200-42d01e2eb36e,connector.news,available,8.98,41.48,high,low,9,namecheap,,,24/09/2026 17:23
a920cda8-1efe-40a5-b61b-d1442eb97032,sombre.news,available,8.98,41.48,medium,low,6,namecheap,,,10/09/2026 14:02
fe3e2db3-bd25-4c1d-b22a-8296a1208569,capsular.news,available,8.98,41.48,medium,low,8,namecheap,,,08/09/2026 04:10
047e1606-e71b-4ad6-9e6e-edefe7a696e0,acerbic.news,available,8.98,41.48,medium,low,7,namecheap,,,
360e6754-c073-49f3-8c30-e68c5eef84bf,condom.news,available,25.2,25.2,high,low,6,cloudflare,,,29/09/2026 10:43
73893bd1-7694-4576-bba5-771af36496fd,mallory.news,available,14.49,32.49,high,low,7,namesilo,,,28/09/2026 04:03
d5ff6774-8533-4192-b778-96d80867bd1c,monuments.news,available,14.49,32.49,medium,low,9,namesilo,,,30/09/2026 15:18
f25049a3-87a8-4c88-9cf1-82c112c2fdb0,notch.news,available,9.85,26.97,high,low,5,dynadot,,,28/09/2026 10:27
25f3d5dc-1c41-491f-bf3c-fae8035315bf,truckee.news,premium,,,medium,low,7,,,,02/10/2026 20:55
3a4db105-9f9a-45ba-9fab-ddf246814fa0,leads.news,premium,130,260,high,low,5,namecheap,,,25/09/2026 20:21
385df0d4-6e3b-419f-9364-578b095fab4f,unflavored.news,available,8.98,41.48,medium,low,10,namecheap,,,03/09/2026 19:15
a382b451-3d52-4786-966a-fcbe64264496,folly.news,available,14.49,32.49,high,low,5,namesilo,,,23/09/2026 11:19
d36ce255-1609-4c55-b428-6bc0348c8aab,waukegan.news,premium,51.43,102.67,medium,low,8,spaceship,,,03/10/2026 06:34
a0beba28-f0e6-4140-ae08-1ac3e8169e74,thereof.news,available,8.98,41.48,medium,low,7,namecheap,,,16/09/2026 08:41
4801421d-4dcb-4ef1-a18a-deb0fb8eb44d,elizabeth.news,premium,1107,1107,high,low,9,namesilo,,,25/09/2026 05:29
18fe44cb-f64a-4caa-9c9a-10d1d12580fc,dewan.news,available,25.2,25.2,high,low,5,cloudflare,,,02/10/2026 18:49
aef61dab-6f89-4458-9deb-ebccd743f35c,rub.news,available,25.2,25.2,high,low,3,cloudflare,,,28/09/2026 10:09
72dca117-d69b-43c5-abff-cdd27b91d1d8,hotfoot.news,available,8.98,41.48,high,low,7,namecheap,,,09/09/2026 19:44
c854acbb-3121-494e-bd87-0b0b40f8dfae,penetration.news,available,8.98,41.48,medium,low,11,namecheap,,,08/09/2026 15:09
b94266aa-87fc-4355-9a65-484dcee3888f,thumbs.news,available,14.49,32.49,medium,low,6,namesilo,,,18/09/2026 14:13
380d4c47-e3af-4623-8ea2-946586e8dcac,translating.news,available,8.98,41.48,medium,low,11,namecheap,,,17/09/2026 20:51
fe125d6c-20ba-4ae8-92f4-843429d3a726,anoxia.news,available,14.49,32.49,medium,low,6,namesilo,,,19/09/2026 11:58
a5a1884d-2e6c-4540-8bf8-3948308e4e5d,jibe.news,available,14.49,32.49,medium,low,4,namesilo,,,22/09/2026 04:14
4328dc96-878d-4eba-bd70-bb5e1f9407f3,inquisitive.news,available,7.96,26.08,high,low,11,spaceship,,,01/10/2026 21:35
f161a1bf-de3b-4413-878e-a3d22b587587,homey.news,available,8.98,41.48,high,low,5,namecheap,,,21/08/2026 11:06
f079cb4b-421a-4f3c-a3ff-fe04d4793156,contempt.news,available,7.96,26.08,medium,low,8,spaceship,,,29/09/2026 11:21
d3467711-cd46-433c-bcd1-afa39489f2e1,castilla.news,available,13.5,,high,low,8,unstoppable,,,01/10/2026 18:55
5e75fce3-7081-46eb-93c3-d57d799cb18e,taxed.news,available,13.5,,medium,low,5,unstoppable,,,02/10/2026 18:15
d7faa222-a4c8-4228-b031-abb10e3bd79d,drummer.news,available,14.49,32.49,medium,low,7,namesilo,,,28/09/2026 09:32
26c2bd38-fbee-419e-b91d-9500d93cf0e5,classics.news,available,13.5,,high,low,8,unstoppable,,,28/09/2026 13:44
b6afa2b9-a471-48ab-9820-31e8e0d4c3d5,kean.news,available,14.49,32.49,medium,low,4,namesilo,,,29/09/2026 00:45
df4306a2-ca45-41ef-8015-4e784a64c87c,braxton.news,available,14.49,32.49,medium,low,7,namesilo,,,29/09/2026 11:12
8b3e0c6c-b5ec-414a-8c31-12dff7273f12,gritty.news,available,8.98,41.48,medium,low,6,namecheap,,,12/08/2026 14:03
e4ff00a3-9d78-4094-9e11-8140f38ee5d2,clustered.news,available,8.98,41.48,medium,low,9,namecheap,,,
5d1f58f7-6464-451a-9e5f-2e573f21c23f,despair.news,available,14.49,32.49,medium,low,7,namesilo,,,28/09/2026 09:31
9761d135-d4eb-424c-9e7a-4ac738435c63,avarice.news,available,14.49,32.49,medium,low,7,namesilo,,,21/09/2026 08:42
d12eb6e9-5702-4679-b17d-1c4f322e926c,iris.news,resell,,,high,medium,4,,,,28/09/2026 01:54
6a82e62d-add8-4298-9e82-50d97d902fca,doings.news,available,14.49,32.49,medium,low,6,namesilo,,,23/09/2026 03:17
b9c97f3b-a3f0-4363-b4ee-d00908472704,bleep.news,available,14.49,32.49,high,low,5,namesilo,,,23/09/2026 01:26
bbfeaee5-d621-4aed-8765-02b2b84ce72b,gratifying.news,available,8.98,41.48,high,low,10,namecheap,,,17/08/2026 09:19
c5525c8b-bd87-489c-924d-e5b1a81bec8c,drome.news,available,14.49,32.49,high,low,5,namesilo,,,17/09/2026 12:59
e3b4d235-575d-47da-89f6-29b13f25ec13,arere.news,available,14.49,32.49,medium,low,5,namesilo,,,20/09/2026 03:56
694f8292-7f06-4d5d-8a74-ab1137ee14ac,but.news,available,14.49,32.49,high,low,3,namesilo,,,25/09/2026 12:23
45b8d9c0-ea31-4e93-8693-b91963743b16,brute.news,available,8.98,41.48,high,low,5,namecheap,,,
06c676cc-605c-4a34-922f-efc165152eb2,winfred.news,available,17.99,43.99,medium,low,7,name.com,,,19/09/2026 19:23
676ac966-4721-4139-9604-d2f479d24055,lyons.news,available,14.49,32.49,high,low,5,namesilo,,,25/09/2026 06:03
22d73ca8-8d0c-48af-85db-d9c77cad7691,waiting.news,available,8.98,41.48,high,low,7,namecheap,,,27/09/2026 10:28
26df7728-2df5-48fa-98f3-278afc8bd9ba,nnw.news,available,8.98,41.48,medium,low,3,namecheap,,,15/09/2026 16:52
6e32d7bb-3dcd-4aa3-9062-a81539c19ff7,cilicia.news,available,7.96,26.08,medium,low,7,spaceship,,,30/09/2026 13:19
321e96f5-0166-4f5e-aa0e-b081ae818740,learn.news,premium,517.7,1035.2,high,medium,5,spaceship,,,30/09/2026 12:48
5522b8f2-bb35-48c5-86cb-33249dc3aeac,advertence.news,available,14.49,32.49,medium,low,10,namesilo,,,17/09/2026 11:06
24f3fa9b-1bce-488a-88eb-b13df11de9d3,boxes.news,available,14.49,32.49,medium,low,5,namesilo,,,17/09/2026 04:37
ac809ff0-db81-4d04-94dc-5486db552260,deferred.news,available,13.5,,high,low,8,unstoppable,,,03/10/2026 02:43
ba89e4c3-fe68-4fcb-8925-a9b6799dd66c,deliberate.news,available,8.98,41.48,high,low,10,namecheap,,,11/08/2026 13:56
4f8fa513-79af-486e-b12a-ecfba4ac4cd4,toasted.news,available,8.98,41.48,high,low,7,namecheap,,,11/09/2026 16:35
56e0eada-dd9b-454b-9d93-bd6acf7f7118,thee.news,available,14.49,32.49,medium,low,4,namesilo,,,30/09/2026 21:59
6c5bf8ef-ff67-4a77-8293-616b7f73ed79,fantasy.news,premium,1107,1107,high,low,7,namesilo,,,24/09/2026 16:36
7241b480-7ad5-443f-989b-0ff26fd94d67,adad.news,available,8.98,41.48,medium,low,4,namecheap,,,17/09/2026 06:02
13e2fcc0-787b-413a-a220-3752da03ba34,revery.news,available,14.49,32.49,high,low,6,namesilo,,,17/09/2026 21:59
070ff553-83c5-4b1e-b957-dede8ffa5c80,visited.news,available,9.85,26.97,high,low,7,dynadot,,,01/10/2026 19:56
7cf28798-7e12-4403-810d-b16cc38de860,commands.news,available,25.2,25.2,medium,low,8,cloudflare,,,28/09/2026 17:45
3537c9e1-d067-4c0a-9f70-979648e5b8db,prochoice.news,available,14.49,32.49,medium,low,10,namesilo,,,27/09/2026 06:48
6548e0b5-4463-48e4-ac35-d8798d1c0482,paralytic.news,available,8.98,41.48,medium,low,9,namecheap,,,08/09/2026 00:57
96536665-a1cc-4172-90f3-41e3cd06d483,idiopathic.news,available,8.98,41.48,medium,low,10,namecheap,,,21/08/2026 18:09
4d809d44-6841-47c4-a6d6-7611798de4ed,enlarged.news,available,14.49,32.49,high,low,8,namesilo,,,22/09/2026 22:37
6c988f5a-bddd-43f4-b06e-21c18efddd66,locations.news,available,14.49,32.49,medium,low,9,namesilo,,,28/09/2026 17:11
120b2516-b13e-4b59-ac4f-b559c0b01e2f,harvesting.news,available,14.49,32.49,high,low,10,namesilo,,,01/10/2026 02:26
20fc0c29-5c8a-4683-8e11-2ba3d53aa394,affiliated.news,available,8.98,41.48,high,low,10,namecheap,,,
91da1bdc-b508-46ef-a688-709600407a96,figure.news,resell,17.99,,high,low,6,"Chengdu West Dimension Digital Technology Co., Ltd.",26/03/2026 05:37,26/03/2027 05:37,26/09/2026 06:04
53dd2327-b8de-4c4b-9386-194cae643738,geographical.news,available,9.78,26.26,high,low,12,porkbun,,,29/09/2026 21:14
faa33334-2eb0-465c-915d-c0065e1517d9,imagined.news,available,14.49,32.49,high,low,8,namesilo,,,27/09/2026 09:43
12aa0659-bdd0-482e-a4c9-f466addc3470,exchangeable.news,available,14.49,32.49,high,low,12,namesilo,,,01/10/2026 23:07
b722b117-90d8-4712-8a55-46d0b14e2234,notwithstanding.news,available,17.99,,medium,low,15,name.com,,,
7aaac643-50c4-465f-abe0-dda8d90e0d46,quotes.news,available,8.98,41.48,high,low,6,namecheap,,,18/09/2026 21:27
a9207302-6dfe-4cd5-a3e5-f51091bb4620,sessile.news,available,8.98,41.48,medium,low,7,namecheap,,,10/09/2026 04:59
0601f64b-7d42-4cab-918c-1747cd73d163,cyrillic.news,available,17.99,43.99,medium,low,8,name.com,,,13/08/2026 14:33
6f0b197c-5fe1-488d-b7a7-317450029aaf,lynchpin.news,available,14.49,32.49,high,low,8,namesilo,,,21/09/2026 15:18
42b488c7-3c78-473b-b39f-790302ac79a6,departed.news,available,8.98,41.48,medium,low,8,namecheap,,,07/08/2026 11:31
307c22bb-3380-4287-b568-218b8e73385a,spurting.news,available,8.98,41.48,medium,low,8,namecheap,,,22/08/2026 13:13
ac2216ad-74b0-4c15-95db-f4082bad8523,neil.news,available,14.49,32.49,high,low,4,namesilo,,,25/09/2026 13:57
5fc87e16-be00-44a4-8e99-d88c5e7203a3,beaches.news,available,14.49,32.49,high,low,7,namesilo,,,20/09/2026 07:25
78170897-3dca-415a-bb56-0679b6890f37,pao.news,available,25.2,25.2,high,low,3,cloudflare,,,29/09/2026 09:17
6f8622d8-4cc0-49c3-8e36-0928170af577,petroglyphs.news,available,25.2,25.2,medium,low,11,cloudflare,,,02/10/2026 23:09
fd691565-26de-43ed-99c9-b78b88ad22c7,tannish.news,available,8.98,41.48,medium,low,7,namecheap,,,11/09/2026 08:03
6818f136-fa19-4f06-9937-3c461152783b,arbitrate.news,available,8.98,41.48,high,low,9,namecheap,,,22/08/2026 08:17
42c40e06-2bbf-4e62-bac1-a1c44aea4895,wits.news,available,8.98,41.48,high,low,4,namecheap,,,29/09/2026 14:09
a19208df-5e48-4640-97a6-f6dddb0fea9e,seconded.news,available,14.49,32.49,medium,low,8,namesilo,,,20/09/2026 15:37
8891f912-ecb3-40a2-8587-dee749ed68a2,neoplastic.news,available,8.98,41.48,medium,low,10,namecheap,,,03/09/2026 15:29
0fc8a35b-a7fd-40d1-aca8-f340c9f2d2e8,marissa.news,available,9.78,26.26,high,low,7,porkbun,,,02/10/2026 19:27
361458b6-dcc6-49de-8b60-dca6eb12fa47,aficionado.news,available,14.49,32.49,high,low,10,namesilo,,,17/09/2026 15:01
926b08ff-0683-4209-bae2-b5e56b5dd8df,candied.news,available,8.98,41.48,medium,low,7,namecheap,,,11/08/2026 16:48
00466350-df5b-4dd5-b742-7620210078d4,sinner.news,available,8.98,41.48,medium,low,6,namecheap,,,29/09/2026 18:50
997a012d-ceb8-40bf-8290-3b7551caedf9,arpent.news,available,14.49,32.49,medium,low,6,namesilo,,,20/09/2026 08:38
d1ad0c7c-997c-4cbf-b24f-fa98102cc42b,runabout.news,available,8.98,41.48,medium,low,9,namecheap,,,02/10/2026 17:47
eabff20f-daeb-4cd5-9af6-2793ebf03796,artaxerxes.news,available,14.49,32.49,medium,low,10,namesilo,,,20/09/2026 10:06
f2c9967c-279a-41d6-944d-51cd0ec43744,serially.news,available,8.98,41.48,medium,low,8,namecheap,,,16/09/2026 01:08
15bcbe57-f5e1-4b8c-83ef-3419b0e228f3,rollover.news,available,14.49,32.49,high,low,9,namesilo,,,16/09/2026 17:22
b709237a-1ddd-44aa-8820-47dec6d8f6ad,plastered.news,available,8.98,41.48,medium,low,9,namecheap,,,09/08/2026 15:43
778e9016-ea03-4707-8a0f-4e20b30a0167,cornered.news,available,8.98,41.48,medium,low,8,namecheap,,,07/08/2026 11:02
bb0c0577-fe4b-4a50-b2b8-c2731cd9e892,breadfruit.news,available,14.49,32.49,high,low,10,namesilo,,,20/09/2026 11:57
044ac173-e659-4109-9788-4c38c10c58fc,rates.news,premium,51.43,102.67,high,low,5,spaceship,,,28/09/2026 10:47
db5765cd-7109-4fad-b594-3e60545e4eea,abelian.news,available,13.5,,high,low,7,unstoppable,,,29/09/2026 08:39
29982135-634f-4304-9e98-9a35ecef4dc3,owens.news,available,7.96,26.08,high,low,5,spaceship,,,30/09/2026 00:31
0f3e0962-54e9-4ed4-bc3f-3a83940308ec,lingerie.news,resell,,,high,low,8,,,,02/10/2026 05:26
370246b1-e902-4294-b3bc-45f5dcc8b79c,slangy.news,available,8.98,41.48,medium,low,6,namecheap,,,10/09/2026 09:59
39365070-9965-4cbe-8abf-e63bb6e86416,darnel.news,available,8.98,41.48,medium,low,6,namecheap,,,22/09/2026 21:10
15d92338-7927-4e46-974d-fe08c8d00d86,chastity.news,available,25.2,25.2,medium,low,8,cloudflare,,,30/09/2026 16:41
2ff6cc05-7366-41ec-92aa-4f64c14b5763,passerine.news,available,8.98,41.48,medium,low,9,namecheap,,,08/09/2026 02:29
a8dee55b-b702-434a-855e-5f34d93a5057,lowe.news,available,7.96,26.08,high,low,4,spaceship,,,29/09/2026 15:01
a7099a00-25ed-4f10-8b5a-33f6b824648b,nookie.news,available,8.98,41.48,medium,low,6,namecheap,,,18/08/2026 17:31
0a7fa4af-83e3-493d-8878-b442211dfadf,spiritous.news,available,8.98,41.48,medium,low,9,namecheap,,,10/09/2026 16:00
657f5b0f-5280-4e4d-8c12-cda46b68e82e,upstart.news,available,8.98,41.48,high,low,7,namecheap,,,25/09/2026 23:17
cf08b7b4-bff3-41a6-ac07-73a4e56ec22b,phantasmal.news,available,8.98,41.48,medium,low,10,namecheap,,,06/08/2026 05:33
8cfe3998-f649-4c4d-8586-e33e8ca3ead0,pocahontas.news,available,25.2,25.2,high,low,10,cloudflare,,,29/09/2026 07:34
74b62d8f-9375-4e35-9ea7-e52cdd4187d9,englewood.news,available,7.96,26.08,medium,low,9,spaceship,,,28/09/2026 16:54
c3f5816d-da21-47bd-8ed7-f421219654e1,cupidity.news,available,14.49,32.49,medium,low,8,namesilo,,,21/09/2026 08:48
a75ab160-779e-40dc-bff9-28ce3ab5a3c1,unhappiness.news,available,17.99,,medium,low,11,name.com,,,
45be2a0d-b836-4e4f-af26-d58f985bdc65,sanjay.news,available,14.49,32.49,high,low,6,namesilo,,,01/10/2026 16:51
d0754044-a8f8-4d6f-98c4-8043673842fc,abramis.news,available,14.49,32.49,medium,low,7,namesilo,,,16/09/2026 16:53
2bcf1023-992a-46c4-ae95-03bbd267e1c3,musset.news,available,14.49,32.49,medium,low,6,namesilo,,,18/09/2026 06:29
1a0b30dd-4adf-4a8b-ba8d-5568d438e9bf,stuffing.news,available,8.98,41.48,high,low,8,namecheap,,,29/09/2026 14:01
282fd7e3-67f8-4d98-b5d3-af4616a0cc38,covalent.news,available,8.98,41.48,high,low,8,namecheap,,,13/08/2026 04:03
1274acfe-c4e5-4e3d-8a6f-5dcc25c11b37,lagger.news,available,8.98,41.48,medium,low,6,namecheap,,,22/08/2026 18:42
078e30e3-90d5-437f-a4d9-74ac83d2355b,truncated.news,available,8.98,41.48,medium,low,9,namecheap,,,11/09/2026 20:42
c46f4bfa-4fc7-4b28-a98a-2f542ba670a6,kahn.news,available,14.49,32.49,medium,low,4,namesilo,,,25/09/2026 23:22
8402bd8d-f408-4541-86c1-910ffe5c1c5b,amaethon.news,available,14.49,32.49,low,low,8,namesilo,,,18/09/2026 15:34
ebf31338-b30c-4dc1-a271-af93508bf03b,ensuring.news,available,14.49,32.49,medium,low,8,namesilo,,,02/10/2026 02:34
24db68bf-03ab-4ba2-80f9-2cf6d077c486,hidebound.news,available,8.98,41.48,medium,low,9,namecheap,,,21/08/2026 08:11
86254258-11d3-43ef-9f2c-64240d4b08e5,socks.news,available,14.49,32.49,high,low,5,namesilo,,,27/09/2026 08:18
b2ce5282-0abd-43bd-9b7e-18589ca3110e,newport.news,premium,,,high,low,7,,,,28/09/2026 02:29
8e9e860f-02ff-4b2f-8b49-0fab509e4a4b,nitrous.news,available,8.98,41.48,medium,low,7,namecheap,,,08/08/2026 03:03
9a50179f-5f3a-4fcb-abfe-1f54a8b7dc34,trig.news,available,8.98,41.48,high,low,4,namecheap,,,12/08/2026 10:13
75edabec-68a8-44a3-878a-5cf3db69cef1,arched.news,available,8.98,41.48,medium,low,6,namecheap,,,06/08/2026 14:34
b0deb508-3872-4f1c-9b4a-ece43d46c3c4,ismael.news,available,14.49,32.49,medium,low,6,namesilo,,,03/10/2026 05:05
edc68e24-d313-4e2b-8e38-77924761e927,oven.news,available,14.49,32.49,high,low,4,namesilo,,,28/09/2026 06:32
7403b7b9-f8b4-44b2-93c6-bda80d2c2d4c,lifeboat.news,available,7.96,26.08,high,low,8,spaceship,,,29/09/2026 19:32
ed55a6e2-18d6-4bda-abd8-fd4cfa1c4e66,embossed.news,available,8.98,41.48,medium,low,8,namecheap,,,11/08/2026 05:17
92d7bc08-07d5-4e31-9cf6-7c3e39311447,thu.news,available,7.96,26.08,medium,low,3,spaceship,,,30/09/2026 19:35
ea87486f-1f5c-447b-b32c-fedbb06e955f,recondite.news,available,8.98,41.48,medium,low,9,namecheap,,,
1ccb0fcf-edfb-4e0e-88b4-db8f1156af1f,civilian.news,available,8.98,41.48,high,low,8,namecheap,,,12/08/2026 09:04
b7a2cdc1-9e48-4860-a202-257bd5c0cbf0,elvis.news,available,7.96,26.08,high,low,5,spaceship,,,29/09/2026 00:14
d96de728-94c2-4621-b0bb-3dac3fb98024,fungoid.news,available,8.98,41.48,medium,low,7,namecheap,,,18/08/2026 18:37
4ea7dd7e-cd04-4496-a872-4d237d4fcc4f,aquavit.news,available,14.49,32.49,medium,low,7,namesilo,,,18/09/2026 00:16
40698382-347c-49e1-a972-6495c2e34890,lorna.news,available,8.98,41.48,medium,low,5,namecheap,,,29/09/2026 15:29
89798477-2671-4ce6-b833-062609e55562,protozoan.news,available,8.98,41.48,medium,low,9,namecheap,,,09/09/2026 04:12
ac3374db-83d5-4281-8ccf-7e031f4d055b,hooligan.news,available,8.98,41.48,medium,low,8,namecheap,,,11/08/2026 08:39
926086ff-467c-46d7-962d-bd2e70d2610e,armillaria.news,available,14.49,32.49,medium,low,10,namesilo,,,20/09/2026 07:07
08cbbdfc-5e80-487e-b149-9588b3008ebd,adulterate.news,available,8.98,41.48,medium,low,10,namecheap,,,
0e15c354-789e-4a18-94be-334699059447,posterior.news,available,,,medium,low,9,,,,
df5ab949-fe80-490b-bd6a-2edb93e3130c,trickily.news,available,8.98,41.48,low,low,8,namecheap,,,14/09/2026 09:11
1db2745a-40f7-4fab-8dbc-546226328f40,ratios.news,available,14.49,32.49,medium,low,6,namesilo,,,20/09/2026 23:23
5b318b8c-7638-4720-ac19-e7ac39ba7989,abatis.news,available,14.49,32.49,medium,low,6,namesilo,,,16/09/2026 14:12
8d36705e-dc6e-416f-a6ca-905c0a75c882,barebacked.news,available,8.98,41.48,medium,low,10,namecheap,,,08/08/2026 18:44
22ad8940-d71b-4288-bb52-60fbbc41683f,oscine.news,available,8.98,41.48,medium,low,6,namecheap,,,04/09/2026 18:11
a1164723-ea4e-40f5-bfe6-791f001cf3af,configuration.news,available,14.49,32.49,medium,low,13,namesilo,,,29/09/2026 10:14
b523deb1-feb1-4db1-ad25-e4114bef6257,foothills.news,available,7.96,26.08,medium,low,9,spaceship,,,02/10/2026 02:25
32da3a38-1889-41e9-abe0-cef484f33e93,alsop.news,available,7.96,26.08,medium,low,5,spaceship,,,02/10/2026 20:16
821aab02-158a-4856-ab1f-2a69b0c1d2f2,uniting.news,available,14.49,32.49,high,low,7,namesilo,,,18/09/2026 15:39
513b84dc-d72e-4d7e-8844-97cae02ea495,whisking.news,available,14.49,32.49,medium,low,8,namesilo,,,01/10/2026 23:58
de9ac26d-1172-4553-9d1f-1370ba58834d,ser.news,available,13.5,32.49,high,low,3,unstoppable,,,01/10/2026 00:20
5121dbb2-4e54-4f12-a180-600fe49d21b1,tragicomic.news,available,8.98,41.48,medium,low,10,namecheap,,,11/09/2026 18:46
f952cde2-e6f3-45cc-87bb-579a0704ff9c,lions.news,available,7.96,26.08,high,low,5,spaceship,,,02/10/2026 14:28
c268c454-74ae-401a-a20e-e2d415135b8c,noncommercial.news,available,14.49,32.49,high,low,13,namesilo,,,02/10/2026 07:38
aadcf7ad-2538-4182-842e-8b0856ab789e,untraveled.news,available,8.98,41.48,medium,low,10,namecheap,,,12/09/2026 21:42
34e78403-14a5-4424-9ea2-3767975a886a,deviate.news,available,8.98,41.48,high,low,7,namecheap,,,
92e7c755-8bb3-4da5-8175-cde9c3df8138,muhlenberg.news,available,14.49,32.49,medium,low,10,namesilo,,,02/10/2026 01:03
bc2c51c6-5b4f-402e-b602-9bfc527889f2,actinidia.news,available,14.49,32.49,medium,low,9,namesilo,,,17/09/2026 04:47
173e2370-9f00-4c53-8113-2e411231a616,towels.news,available,14.49,32.49,medium,low,6,namesilo,,,18/09/2026 12:23
a275108a-fff6-437e-a4bb-b4bd3b7877e0,elongated.news,available,8.98,41.48,medium,low,9,namecheap,,,16/08/2026 05:26
1baa2489-a29d-46c8-897f-9c0e827c4b28,mutually.news,available,8.98,41.48,medium,low,8,namecheap,,,15/09/2026 15:56
47087818-2f63-44db-a422-1b20c5f322e9,outdo.news,available,8.98,41.48,high,low,5,namecheap,,,09/08/2026 17:43
1929f70f-d1d3-4b79-87e1-ee47297331b5,brimful.news,available,8.98,41.48,medium,low,7,namecheap,,,11/08/2026 04:08
3e2c45af-9aa6-4de9-bac7-c234eb84c70b,sweetest.news,available,9.85,26.97,medium,low,8,dynadot,,,30/09/2026 15:05
e34b4ba7-9d13-4ca3-aca5-9a16f6366acd,este.news,available,25.2,25.2,high,low,4,cloudflare,,,29/09/2026 15:17
5b0f4b58-c7ca-4de8-a504-1bbd6015f61f,beaujolais.news,available,14.49,32.49,high,low,10,namesilo,,,22/09/2026 22:13
6c75a2a7-d075-4db4-ac25-ed4655109a5e,overs.news,available,14.49,32.49,medium,low,5,namesilo,,,20/09/2026 10:07
c42ae57f-eb18-4936-978a-f5617877167d,nasally.news,available,8.98,41.48,medium,low,7,namecheap,,,15/09/2026 16:10
237d5758-73fe-492f-81e5-a56c512a3a2e,nipples.news,available,19.99,55.99,low,low,7,godaddy,,,01/10/2026 00:30
88dbedd7-43c1-4450-8692-c69b2e98422f,brakes.news,available,14.49,32.49,high,low,6,namesilo,,,24/09/2026 08:09
c471b9d8-33d2-40f7-ae1a-8bef548214d3,ferdinand.news,available,14.49,32.49,high,low,9,namesilo,,,25/09/2026 05:57
9784e759-48d9-4717-b07a-bf947a2ad3cb,dispatched.news,available,25.2,25.2,medium,low,10,cloudflare,,,29/09/2026 17:05
47e30b59-04fc-400e-90ee-a670a5be736c,agreeing.news,available,7.96,26.08,high,low,8,spaceship,,,28/09/2026 15:41
91903faf-fd11-426a-b49a-da89105fbcea,evaporated.news,available,8.98,41.48,medium,low,10,namecheap,,,17/08/2026 14:45
42305362-b396-479b-981e-909f603f923e,ballplayer.news,available,14.49,32.49,medium,low,11,namesilo,,,21/09/2026 23:25
3441e5f5-b544-4818-81f1-6e3e06b07b80,rommel.news,available,19.99,55.99,medium,low,6,godaddy,,,30/09/2026 01:19
b0b4b45c-63ec-43e4-9557-3c13e5779a13,musicals.news,premium,,,medium,low,8,,,,01/10/2026 17:51
17b3dc7d-bd65-4db1-b7ce-e331620cb5b1,beech.news,available,14.49,32.49,high,low,5,namesilo,,,23/09/2026 00:02
69443faa-68fe-48f5-8994-67ebb5b7984d,translunar.news,available,8.98,41.48,medium,low,10,namecheap,,,11/09/2026 02:19
ae45b6f0-1e89-4ce2-96f2-c88cf27fc596,calculation.news,available,14.49,32.49,high,low,11,namesilo,,,01/10/2026 21:09
9a8873a1-485c-42d0-9002-ac67b9bea1b9,hen.news,available,14.49,32.49,high,low,3,namesilo,,,23/09/2026 13:44
ddb9080f-2a8e-4a55-9ff4-54e467f4579f,scapegrace.news,available,14.49,32.49,medium,low,10,namesilo,,,24/09/2026 01:41
45ba23d0-01c4-4eaa-b9d5-10853bdd2f32,blackthorn.news,available,14.49,32.49,medium,low,10,namesilo,,,24/09/2026 03:10
eeed0e85-9190-4aae-b528-fdb3ad7c72c7,lakeside.news,available,8.98,41.48,high,low,8,namecheap,,,01/10/2026 20:15
36389ad6-e5d7-4dfa-ab37-11af9c18635a,resigned.news,available,13.5,,low,low,8,unstoppable,,,28/09/2026 17:54
07b13dc3-83a3-4ef9-8768-b3c0968c447c,cathodic.news,available,8.98,41.48,high,low,8,namecheap,,,11/08/2026 21:56
46b84eec-d272-43a1-a361-d9c9af8c7dae,inhumane.news,available,8.98,41.48,medium,low,8,namecheap,,,22/08/2026 05:17
ceaf30dc-ef47-4433-a421-8b78e75d7b40,icj.news,available,13.5,,medium,low,3,unstoppable,,,03/10/2026 05:41
521bb801-b9ca-4f18-a2f8-b54c1a4fb91c,muntjac.news,available,14.49,32.49,medium,low,7,namesilo,,,22/09/2026 06:28
dc674692-3e56-4539-b590-e2552ff804c7,forecast.news,premium,650,1300,high,low,8,namecheap,,,21/09/2026 03:40
2562589e-f648-4ae7-96e1-3fbd6390e4b3,skinner.news,available,14.49,32.49,high,low,7,namesilo,,,21/09/2026 11:52
58ed8cfe-b184-4a24-ac70-b6d37f46422c,stalled.news,available,14.49,32.49,medium,low,7,namesilo,,,20/09/2026 17:27
7aa47bda-f1f2-4ecc-882a-d94fa297e45e,inspiration.news,available,17.99,,high,low,11,name.com,,,
570ce47e-9b41-48bf-9867-24904a7955d5,drawers.news,available,9.85,26.97,medium,low,7,dynadot,,,29/09/2026 06:06
de210b49-d3fa-46ce-bb8b-ca20831fc09b,polemist.news,available,8.98,41.48,medium,low,8,namecheap,,,08/09/2026 22:57
ff6b22f8-735c-4e16-8c0e-138b8c965f95,presley.news,available,14.49,32.49,medium,low,7,namesilo,,,30/09/2026 09:32
ae0241a1-0820-4383-bbeb-771d210869b4,refers.news,available,9.85,26.97,medium,low,6,dynadot,,,29/09/2026 10:13
69ccfe83-cc47-4d81-8c73-f49701094528,shouting.news,available,8.98,41.48,medium,low,8,namecheap,,,12/08/2026 03:49
7bf44fe7-0f0c-41c7-8a15-21727058e790,maguey.news,available,14.49,32.49,medium,low,6,namesilo,,,17/09/2026 16:37
de778ae3-72d1-40da-820a-a7c290bafe45,guarded.news,available,8.98,41.48,high,low,7,namecheap,,,20/08/2026 20:41
d5492835-029d-4eea-a98f-b0a6ce5d2db4,childly.news,available,8.98,41.48,medium,low,7,namecheap,,,12/08/2026 05:14
30d628eb-62e9-43b8-8d83-719c6d2c95df,angioma.news,available,14.49,32.49,medium,low,7,namesilo,,,19/09/2026 06:14
af3d87a3-086e-49ab-89ab-6e0ceed89771,nbl.news,available,25.2,25.2,high,low,3,cloudflare,,,01/10/2026 23:39
769957ae-3c1e-45a4-8723-588901fb0d2b,hippie.news,available,9.85,26.97,high,low,6,dynadot,,,30/09/2026 17:21
389fa599-385a-45d6-9b70-569abb9883af,conserved.news,available,8.98,41.48,high,low,9,namecheap,,,12/08/2026 22:38
7f6b8de3-4e19-49db-9ec2-2ba6b2c5cd84,judicious.news,available,8.98,41.48,high,low,9,namecheap,,,21/08/2026 02:00
d41032bd-1476-493b-afae-6209b319e18c,cramped.news,available,8.98,41.48,medium,low,7,namecheap,,,13/08/2026 04:47
d34d747b-d549-4531-b9ca-24e15d5f64bd,methodical.news,available,8.98,41.48,high,low,10,namecheap,,,24/08/2026 21:56
a7441a4f-e400-4cc5-b2ff-6471ccbe13f0,euphonious.news,available,8.98,41.48,medium,low,10,namecheap,,,17/08/2026 14:17
b2e54eea-dd9b-4d39-8404-70c7d558b953,concurrency.news,available,7.96,26.08,high,low,11,spaceship,,,02/10/2026 12:07
638a2e84-65e3-4954-922b-c35fce57c261,corporeal.news,available,8.98,41.48,medium,low,9,namecheap,,,13/08/2026 01:54
2b4c4cb9-3f14-4ef0-85a6-bccadeebebf2,magnate.news,available,14.49,32.49,high,low,7,namesilo,,,23/09/2026 14:16
a3aa0f6a-d5b4-4e3f-8df2-946d701b86d1,greenwich.news,premium,,,high,low,9,,,,29/09/2026 12:58
16eebe8c-1718-4a4b-a06f-fba5aa350aa7,diatomic.news,available,8.98,41.48,medium,low,8,namecheap,,,14/08/2026 06:19
941ecde3-6bdb-43ed-8f79-ea19dbc29eb6,astounded.news,available,14.49,32.49,high,low,9,namesilo,,,22/09/2026 03:42
467e5609-8234-417a-8a69-c3f3fad6a39b,hesperides.news,available,14.49,32.49,medium,low,10,namesilo,,,20/09/2026 21:44
a533e2e0-94aa-4f78-b1b1-b5c364542998,adjustable.news,available,8.98,41.48,high,low,10,namecheap,,,21/09/2026 18:40
3a787b6e-2343-41b6-8e71-32924108b742,aecium.news,available,14.49,32.49,medium,low,6,namesilo,,,17/09/2026 12:08
04805432-b012-4103-8cb2-5c8fe02e054d,resolved.news,available,14.49,32.49,high,low,8,namesilo,,,27/09/2026 12:25
7361432c-b7a6-46fd-aa37-468159f81fb8,mujahideen.news,available,14.49,32.49,medium,low,10,namesilo,,,02/10/2026 16:09
e12463a9-072b-4e34-92d0-15bb388461fc,tandy.news,available,14.49,32.49,medium,low,5,namesilo,,,30/09/2026 10:18
c56120d9-58f1-4cda-a6d6-139dc92efcc7,pinball.news,resell,,,high,low,7,,,,01/10/2026 21:17
63e34563-1d4d-42ef-bcdd-4ba41c379552,asiatic.news,available,8.98,41.48,medium,low,7,namecheap,,,07/08/2026 02:29
10a11a08-4011-4b56-9843-d2ad825a279c,accessing.news,available,7.96,26.08,medium,low,9,spaceship,,,30/09/2026 23:12
a62c7358-03fe-4e59-9495-2b3daf467fff,delectable.news,available,8.98,41.48,high,low,10,namecheap,,,14/08/2026 00:21
2bbf1e9d-c61d-443f-b1cf-77c4fce00948,uneven.news,available,8.98,41.48,high,low,6,namecheap,,,04/09/2026 00:48
4e4b72b5-d782-4870-b55e-2d8fae3d6580,harcourt.news,available,14.49,32.49,high,low,8,namesilo,,,27/09/2026 08:10
234326a4-c652-494e-be37-1fae02ca5e88,insistent.news,available,8.98,41.48,medium,low,9,namecheap,,,13/08/2026 09:33
8c561707-ee19-45b7-8423-41061a60f4ae,ignore.news,available,7.96,26.08,high,low,6,spaceship,,,27/09/2026 23:32
cade4007-b9ef-43b7-88d0-38ced22329fd,vacancies.news,available,13.5,,medium,low,9,unstoppable,,,02/10/2026 03:59
09d8f905-ec15-4d96-af45-ef18b09ed22e,big.news,resell,,,high,medium,3,"Spaceship, Inc.",17/02/2024 03:01,17/02/2027 03:01,02/10/2026 04:09
92326ff5-f28f-4b76-b077-c3e2a6265480,exhaustive.news,available,8.98,41.48,high,low,10,namecheap,,,17/08/2026 17:08
f64fd859-3247-4c44-a781-8ceab6154184,irregular.news,available,14.49,32.49,high,low,9,namesilo,,,25/09/2026 11:26
47298cb8-541c-4235-8c88-67d078716e4e,inhabited.news,available,8.98,41.48,high,low,9,namecheap,,,22/08/2026 04:59
b966a95f-bde1-4ea6-b984-cdac0bbdbfa5,luncheon.news,available,13.5,,high,low,8,unstoppable,,,29/09/2026 13:43
a84ab06a-ac07-4707-964b-39e60f10c2c7,catatonic.news,available,8.98,41.48,medium,low,9,namecheap,,,11/08/2026 21:14
d48b62fb-2150-4456-9306-ce8afabbc75a,advocating.news,available,7.96,26.08,medium,low,10,spaceship,,,02/10/2026 21:40
315a5914-f552-41e3-bb31-b50f1e1fca65,aperiodic.news,available,8.98,41.48,medium,low,9,namecheap,,,05/08/2026 22:30
a56e0537-9fd2-490b-8cfc-32443fa3f253,lubricious.news,available,8.98,41.48,medium,low,10,namecheap,,,24/08/2026 10:50
a542668f-d53e-4501-b7b7-add61f66f0d4,piping.news,available,8.98,41.48,medium,low,6,namecheap,,,10/09/2026 19:43
c2850bc1-c12d-42bd-9c17-a69c3f0eca52,familiarity.news,available,14.49,32.49,high,low,11,namesilo,,,30/09/2026 05:49
7ce65687-87d3-4546-9381-5e0c65b9f559,unsullied.news,available,8.98,41.48,medium,low,9,namecheap,,,10/09/2026 18:19
84f2233f-4b0a-4245-b1bb-b0af4759a758,monroe.news,premium,118.8,118.8,high,low,6,namesilo,,,28/09/2026 02:11
5401ffac-1a72-42b4-a9d4-0702eca05dfd,lienal.news,available,8.98,41.48,low,low,6,namecheap,,,23/08/2026 01:33
eff001ae-757e-448d-af44-cead0ca75d69,ballock.news,available,14.49,32.49,medium,low,7,namesilo,,,21/09/2026 23:03
ce77ddbb-1c39-41d7-9dcf-6a7bb8338f15,stitches.news,available,17.99,,medium,low,8,name.com,,,
554ae246-e2c2-4692-803f-d02d5780a601,seduction.news,available,7.96,26.08,high,low,9,spaceship,,,30/09/2026 11:00
494c4adc-eaba-48fe-8ad7-b8a591b563da,shepard.news,available,14.49,32.49,high,low,7,namesilo,,,18/09/2026 01:40
0762f952-d611-4e4c-b054-38d04e1dec9f,piecemeal.news,available,8.98,41.48,high,low,9,namecheap,,,10/08/2026 07:07
a8072351-55f8-4e5f-96cf-cb38696a1997,okay.news,resell,,,high,low,4,"Sav.com, LLC - 17",18/12/2025 15:15,18/12/2026 15:15,26/09/2026 07:52
ab7d02f1-e241-4021-ad16-b55acb5d4aff,robeson.news,available,8.98,41.48,medium,low,7,namecheap,,,29/09/2026 13:40
538581c0-2637-4b71-8050-894a13ba58c0,gresham.news,premium,1000.5,,medium,low,7,unstoppable,,,29/09/2026 01:08
bdf094e1-4bbb-43ed-ac1e-b177410bfd3a,simi.news,available,7.96,26.08,medium,low,4,spaceship,,,01/10/2026 23:18
c818d088-c820-47f2-9ea2-a650740c9d3d,assort.news,available,8.98,41.48,medium,low,6,namecheap,,,17/09/2026 14:23
9559ce18-b646-415f-af46-8664748a3dac,gallery.news,premium,118.8,118.8,high,low,7,namesilo,,,20/09/2026 09:55
569ad2bc-2a41-4cff-a7c2-206b79d8b84a,alight.news,available,8.98,41.48,high,low,6,namecheap,,,
90e3babe-e060-4b45-bacb-b0ce36bdcbc7,uphill.news,available,8.98,41.48,medium,low,6,namecheap,,,
f98ca38f-807b-46c2-b538-1686bdbec503,expedition.news,available,13.5,,high,low,10,unstoppable,,,29/09/2026 18:24
23838ca1-f163-431f-b9ef-f48616b885b9,sonoran.news,available,7.96,26.08,high,low,7,spaceship,,,01/10/2026 23:36
57cccb72-e241-4051-b327-b0b8f64e115e,limbs.news,available,7.96,26.08,medium,low,5,spaceship,,,29/09/2026 04:58
30e3b62f-1269-4f39-9196-9d40952ad36c,moonlike.news,available,8.98,41.48,medium,low,8,namecheap,,,25/08/2026 05:49
ff7e007c-6203-49b8-9b67-172e78ba10f4,remington.news,available,25.2,25.2,high,low,9,cloudflare,,,02/10/2026 03:00
ce829467-f57d-401b-a07d-6cf483980c0d,dublin.news,premium,1100,1100,high,low,6,dynadot,,,29/09/2026 18:12
df8ec3eb-738d-45c6-b0a3-6e5c457d1bf4,barracks.news,available,7.96,26.08,high,low,8,spaceship,,,28/09/2026 13:08
0f4d90f2-cb6e-44b5-a071-400e9d5986f0,costs.news,available,14.49,32.49,high,low,5,namesilo,,,29/09/2026 11:44
43c35561-bb11-4534-963a-6366f9df92a1,boldly.news,available,8.98,41.48,high,low,6,namecheap,,,14/09/2026 00:53
1d3c20e3-3723-4d60-b820-959f4dbbacc4,resiny.news,available,8.98,41.48,medium,low,6,namecheap,,,09/09/2026 15:15
78e87465-e40b-46cc-88be-6a215fd9ec78,crenshaw.news,available,14.49,32.49,high,low,8,namesilo,,,30/09/2026 04:24
6cfb5f9d-d121-42a5-b2a9-6a42b0bb32e4,splattered.news,available,17.99,43.99,medium,low,10,name.com,,,13/08/2026 15:21
89e842cc-e51f-4091-b0dd-137ef40068b5,bland.news,available,14.49,32.49,medium,low,5,namesilo,,,22/09/2026 21:44
516b1b9c-4274-4891-bfc3-7ec6a0143c5d,cityfied.news,available,8.98,41.48,medium,low,8,namecheap,,,12/08/2026 08:49
7d635041-2475-42ae-8342-f50d30b14163,auric.news,available,8.98,41.48,medium,low,5,namecheap,,,07/08/2026 17:36
e5f0d522-63ec-486b-86d9-aff458395aa7,roiling.news,available,8.98,41.48,medium,low,7,namecheap,,,09/09/2026 18:16
17c4fa81-059c-4116-ad36-7b343b06a1ad,unwearable.news,available,8.98,41.48,medium,low,10,namecheap,,,12/09/2026 22:31
cdf8a68a-ba38-4298-a95e-a85386774b80,uppercase.news,available,14.49,32.49,high,low,9,namesilo,,,25/09/2026 16:20
4f53a6cb-c695-410e-ad9e-586bde059547,brett.news,available,7.96,26.08,high,low,5,spaceship,,,28/09/2026 07:03
21778472-69a8-4e50-873d-270073422975,alicia.news,available,14.49,32.49,high,low,6,namesilo,,,27/09/2026 07:22
7cb1ad70-a170-41e1-8ae3-e79328c52387,magnetised.news,available,8.98,41.48,medium,low,10,namecheap,,,24/08/2026 13:06
bdda4bf2-6d5e-4ffd-826f-257821a6ef85,joshi.news,available,7.96,26.08,high,low,5,spaceship,,,29/09/2026 14:31
38f708f6-616f-47d3-8027-8b2fb3d4a8bf,holocaust.news,premium,51.43,102.67,medium,low,9,spaceship,,,29/09/2026 06:54
0073ca8a-8fac-4b73-bfeb-1e7bfc5bd71a,busiest.news,available,7.96,26.08,medium,low,7,spaceship,,,02/10/2026 03:59
fcb8c3b5-8099-43c1-9ed9-c9c7b8cc8708,ownerless.news,available,8.98,41.48,medium,low,9,namecheap,,,04/09/2026 22:18
47cfc9e2-fd8d-4fb3-bac4-ac1c6eb206e0,newland.news,available,9.85,26.97,high,low,7,dynadot,,,02/10/2026 21:10
072228e6-d7e9-49d3-842a-b806ab06e775,stylistic.news,available,8.98,41.48,high,low,9,namecheap,,,10/09/2026 23:19
3a6328e7-2e02-49ae-81f7-6f6c2d34655b,deposed.news,available,13.5,,low,low,7,unstoppable,,,02/10/2026 03:36
848e3089-f5e5-4b5e-872b-3e0f925bc5d0,explicit.news,available,8.98,41.48,high,low,8,namecheap,,,17/08/2026 18:24
e787d1df-8345-4bbc-8925-fb766b5f8882,yankee.news,available,8.98,41.48,high,low,6,namecheap,,,13/09/2026 14:12
79747fe4-a764-4fc1-abb0-cb5243cc7625,daring.news,available,8.98,41.48,high,low,6,namecheap,,,07/08/2026 21:39
08e1cda6-cb2d-4eeb-8b03-0dab392fde2b,heinz.news,available,8.98,41.48,high,low,5,namecheap,,,25/09/2026 07:09
cbc788cd-4a0e-4fbc-a670-a5f8780008f8,epicure.news,available,8.98,41.48,high,low,7,namecheap,,,17/08/2026 10:42
e20b61fc-0ab6-4167-aa4b-43b8868905ed,imminently.news,available,8.98,41.48,medium,low,10,namecheap,,,15/09/2026 02:00
d9c87c00-1b52-4481-be15-3744374995a7,barack.news,available,8.98,41.48,high,low,6,namecheap,,,28/09/2026 07:27
ab7c3ae3-1d0d-4492-aab1-3746b6df4432,laps.news,available,13.5,,medium,low,4,unstoppable,,,29/09/2026 05:29
fd2a5b1c-a40f-4f10-84ab-905ea3236a79,estimator.news,available,7.96,26.08,high,low,9,spaceship,,,29/09/2026 18:08
55b5ad5a-2bb6-4ed0-823c-1cacfcb6f4a3,asme.news,available,14.49,32.49,medium,low,4,namesilo,,,29/09/2026 21:46
8b3c78ff-9ce8-4e83-a999-b30cf3bafc5f,glary.news,available,8.98,41.48,medium,low,5,namecheap,,,10/08/2026 13:49
b43a50a6-e956-414e-ae8b-db0263fc8030,misdirect.news,available,8.98,41.48,medium,low,9,namecheap,,,13/08/2026 02:26
dc672f87-ac0b-43b0-a91f-fc0334ac859c,cores.news,available,13.5,,medium,low,5,unstoppable,,,01/10/2026 16:54
99aaf05b-11ba-4c59-ba34-27a3892a6225,untouched.news,available,8.98,41.48,high,low,9,namecheap,,,12/09/2026 13:20
73a4ee24-847e-4a35-972e-d92555609e2a,igor.news,available,7.96,26.08,high,low,4,spaceship,,,28/09/2026 03:33
54fb628b-de57-461e-bd25-de45be6fcdd6,aimee.news,available,7.96,26.08,medium,low,5,spaceship,,,02/10/2026 02:35
8b5a406e-f79a-4bf1-bd27-f58be56d9544,aeriferous.news,available,8.98,41.48,medium,low,10,namecheap,,,
8bf3dd8b-e920-4a9c-95e1-7f28c8b6375b,recaptured.news,available,8.98,41.48,medium,low,10,namecheap,,,18/09/2026 19:20
d65b657d-42cf-42e6-94e8-0976820a30fc,walker.news,premium,130,260,high,low,6,namecheap,,,08/09/2026 12:36
ed0d28ec-42d7-4801-8263-161bc67af595,sue.news,premium,99.5,138.6,high,low,3,unstoppable,,,28/09/2026 18:04
40adc313-d5d5-4422-ace3-d108a0082ffe,indemnity.news,available,14.49,32.49,high,low,9,namesilo,,,18/09/2026 18:43
8e397608-98fb-4e20-a851-adcb33a70568,nodded.news,available,14.49,32.49,medium,low,6,namesilo,,,18/09/2026 03:34
d82174d1-6eef-47e9-9e20-b7566e4cdad6,calvinist.news,available,8.98,41.48,medium,low,9,namecheap,,,11/08/2026 15:24
da4e7e9e-2543-45e7-8fb6-54a523527e17,beingness.news,available,14.49,32.49,medium,low,9,namesilo,,,23/09/2026 04:19
35dfbbd0-e669-4805-972a-c02c009268a1,hiding.news,available,8.98,41.48,high,low,6,namecheap,,,08/09/2026 11:45
bd12991d-267c-4c8c-ac8f-fe9bfcb441ef,shoreward.news,available,8.98,41.48,medium,low,9,namecheap,,,22/08/2026 07:00
88b47107-c135-4325-bb3e-2bda10471b8c,seasonally.news,available,8.98,41.48,medium,low,10,namecheap,,,16/09/2026 00:48
2fa1d110-601a-421a-b98b-ebf32d4109ee,nevis.news,premium,218.8,437.19,medium,low,5,porkbun,,,29/09/2026 07:42
e9935a35-0771-4121-8207-8e2c3d41be58,corrected.news,available,14.49,32.49,high,low,9,namesilo,,,23/09/2026 23:45
6bde3849-04af-4ddf-a510-06780cb31512,taxable.news,available,8.98,41.48,medium,low,7,namecheap,,,03/09/2026 19:07
10ad2556-8fd1-4583-bb99-3a3c8d5bf4f9,contingency.news,available,25.2,25.2,high,low,11,cloudflare,,,29/09/2026 22:54
dbba5467-af02-4487-8a77-f4f1e3a55b90,bared.news,available,14.49,32.49,medium,low,5,namesilo,,,22/09/2026 17:24
49419301-f48f-45ee-9d35-18125ec7a54b,hackneyed.news,available,8.98,41.48,medium,low,9,namecheap,,,08/08/2026 10:56
84b43cfe-359a-430e-aa5f-d158221ab25b,emeritus.news,available,8.98,41.48,high,low,8,namecheap,,,16/08/2026 15:05
58604b6a-f8ff-4c2d-ad6b-d5a1f00044a8,alkaloidal.news,available,8.98,41.48,medium,low,10,namecheap,,,
f9a3ea89-c42e-4504-8758-35946b86ca0a,condemnation.news,available,7.96,26.08,medium,low,12,spaceship,,,30/09/2026 23:02
aced7f5c-2b60-400d-9af7-f9f2de1eec55,hertzian.news,available,8.98,41.48,medium,low,8,namecheap,,,21/08/2026 07:14
7de74eed-41ed-45f2-a1e0-7b17ea2f2a65,urs.news,available,14.49,32.49,medium,low,3,namesilo,,,01/10/2026 22:48
63bb62d6-d92a-4a41-a687-3c8fdd4427a2,reduced.news,available,8.98,41.48,medium,low,7,namecheap,,,13/08/2026 22:10
1de17d31-2db7-41b2-9921-6e049fc8d54c,homotopy.news,available,19.99,55.99,medium,low,8,godaddy,,,01/10/2026 01:08
15c571e6-f695-4f52-be2a-951b9c78f32e,mississippi.news,premium,517.7,1035.2,high,low,11,spaceship,,,28/09/2026 03:26
6d8a5d3d-a4c3-47ed-984e-0dfc7611f360,knackered.news,available,8.98,41.48,medium,low,9,namecheap,,,22/08/2026 16:23
2dfc1651-bd45-4217-a32f-59af6e92a16d,rallied.news,available,13.5,,medium,low,7,unstoppable,,,02/10/2026 23:05
6abe11e1-88de-4101-b2aa-86f5671e5dd0,master.news,premium,242,242,high,low,6,namesilo,,,25/09/2026 17:15
2a4de8dc-8fb7-49c9-92fb-fe6e61e3b895,anion.news,available,14.49,32.49,medium,low,5,namesilo,,,19/09/2026 09:23
fa7d132b-6840-48cf-9f2f-c06ca012268c,precinct.news,available,7.96,26.08,medium,low,8,spaceship,,,28/09/2026 15:05
8aeaafb9-432d-41c5-b0e4-e803f5813390,labored.news,available,8.98,41.48,medium,low,7,namecheap,,,22/08/2026 17:34
2684383e-4944-4306-b73c-afb4afc91b5c,filled.news,available,8.98,41.48,high,low,6,namecheap,,,24/09/2026 18:13
08af550f-aa3b-43be-a607-224c3dc8d958,typic.news,available,8.98,41.48,medium,low,5,namecheap,,,11/09/2026 22:29
eef54d6a-e3ab-4dde-823b-be99f7c60d86,prior.news,available,8.98,41.48,high,low,5,namecheap,,,27/09/2026 06:07
10080328-dcbe-4141-8b8f-8d3a59119875,pouring.news,available,8.98,41.48,high,low,7,namecheap,,,20/08/2026 21:01
49c5914d-2b9d-4753-a999-9f28857fbee9,salle.news,available,25.2,25.2,high,low,5,cloudflare,,,01/10/2026 05:06
64a6597f-7077-4626-93cf-cec166138f67,destroyer.news,available,14.49,32.49,medium,low,9,namesilo,,,28/09/2026 05:31
15f9d7b2-b6c3-4b03-ab82-50e88d8e94a1,varies.news,available,25.2,25.2,medium,low,6,cloudflare,,,01/10/2026 14:19
dc498d39-e1a0-4180-bab6-498ce2dcce1b,deprived.news,available,8.98,41.48,medium,low,8,namecheap,,,14/08/2026 02:45
35fcca2d-1bd1-4e32-8e2c-65bbe86ab4c5,bivalve.news,available,8.98,41.48,high,low,7,namecheap,,,10/08/2026 09:09
203d45a0-b04e-49ef-8e0f-c9c95dc6bde7,aper.news,available,14.49,32.49,medium,low,4,namesilo,,,19/09/2026 16:29
566fe3c8-5e80-4b41-96b8-87573b2ae174,keychains.news,available,14.49,32.49,medium,low,9,namesilo,,,21/09/2026 02:44
0593f9bf-e7ba-4cf4-8c8e-ea91ace093b8,catarrhine.news,available,8.98,41.48,medium,low,10,namecheap,,,11/08/2026 21:11
fc9d4c71-6628-48c3-9244-8b4bc98cdbf5,diversity.news,premium,51.43,102.67,high,low,9,spaceship,,,29/09/2026 16:23
7c6b59b4-7c21-4bd2-acaa-1c5a5c0d3e5f,apheresis.news,available,14.49,32.49,medium,low,9,namesilo,,,19/09/2026 16:49
700a86db-3720-461f-a575-2fcc204d0035,rumour.news,available,8.98,41.48,high,low,6,namecheap,,,21/08/2026 02:08
726ce74c-8cab-45fd-a477-48bd43f43e5f,gustatory.news,available,8.98,41.48,medium,low,9,namecheap,,,20/08/2026 21:07
85489cd4-407d-47be-803e-a315c457b86a,suspicious.news,available,8.98,41.48,medium,low,10,namecheap,,,22/08/2026 22:28
295beb89-23a6-4ac0-a18a-93ce684a7403,pipe.news,resell,,,high,low,4,"Xiamen ChinaSource Internet Service Co., Ltd",22/11/2025 15:15,22/11/2026 15:15,27/09/2026 21:32
cd812cac-79fb-4ad2-b42b-780d6fd77e3f,unipolar.news,available,8.98,41.48,medium,low,8,namecheap,,,12/09/2026 13:46
3d858b74-e053-48b9-a77f-fe19bb61b27f,accrual.news,available,14.49,32.49,medium,low,7,namesilo,,,16/09/2026 23:14
915a6502-6774-40a0-933e-0cfca12f881b,smartphones.news,available,14.49,32.49,high,low,11,namesilo,,,30/09/2026 07:44
468e395e-77e8-47ce-ad04-aa7d11426c60,quilting.news,available,8.98,41.48,high,low,8,namecheap,,,30/09/2026 09:05
b8922bde-ea5d-4e9b-a465-8a58b4ea7184,sappy.news,available,8.98,41.48,medium,low,5,namecheap,,,12/08/2026 14:56
1d5d9c61-3d51-4161-a156-02f0726ffbea,cue.news,available,14.49,32.49,high,medium,3,namesilo,,,29/09/2026 13:01
f004181b-e687-48a5-b3eb-54c4f3b6fb44,kin.news,resell,,,high,low,3,Dynadot Inc,02/08/2018 06:10,02/08/2027 06:10,26/09/2026 07:05
78571913-d3eb-48ea-99c5-56d20053a8ae,swelling.news,available,14.49,32.49,high,low,8,namesilo,,,24/09/2026 11:05
54e09cec-2678-4350-9ff5-f64b28aeb6f1,oft.news,available,8.98,41.48,high,low,3,namecheap,,,14/09/2026 20:06
b11ef3d3-f581-416f-96df-66d4b1913fbc,hughes.news,resell,,,high,low,6,"GoDaddy.com, LLC",14/04/2022 17:54,14/04/2027 17:54,26/09/2026 06:45
8a1ecc0e-d483-4db0-8078-f771ad0ca58d,craftsmen.news,available,14.49,32.49,medium,low,9,namesilo,,,02/10/2026 11:20
290fee8f-f2eb-4377-b591-7fd0d7df881a,susie.news,available,25.2,25.2,medium,low,5,cloudflare,,,28/09/2026 16:25
8a247dfd-4338-4ba3-9d6d-8c0f66dcf19f,aggravated.news,available,8.98,41.48,medium,low,10,namecheap,,,
dfd10366-93c0-41c8-b156-8f02d6c4dacd,congruence.news,available,9.85,26.97,high,low,10,dynadot,,,02/10/2026 14:44
c97ccccf-328b-4096-bf0f-42827e886650,affections.news,available,14.49,32.49,medium,low,10,namesilo,,,17/09/2026 07:05
ffa36dac-8301-4a4e-81e6-688b75b815e6,deccan.news,resell,,,medium,low,6,,,,29/09/2026 23:43
36880d01-006a-417f-8a80-713d9fb4113a,gearing.news,available,13.5,,medium,low,7,unstoppable,,,03/10/2026 00:55
25a4b05b-375e-48b4-a204-3627f2382032,isotopic.news,available,8.98,41.48,medium,low,8,namecheap,,,22/08/2026 11:26
06518419-3fa5-4a51-9e92-527ed5ae724c,fibonacci.news,available,13.5,,high,low,9,unstoppable,,,03/10/2026 05:18
1ac6c46e-e01e-4fc1-a227-2b964457d2cf,syndicate.news,premium,512,512,high,low,9,namesilo,,,24/09/2026 17:30
4023f4b0-68b0-4d90-9c13-52b0587e8f80,fished.news,available,14.49,32.49,medium,low,6,namesilo,,,01/10/2026 00:50
a9d65e99-a34a-4368-bf9d-567c6b58dff7,depend.news,available,7.96,26.08,high,low,6,spaceship,,,30/09/2026 18:33
a1213203-3027-476a-b890-4b1ce09ea943,ammo.news,premium,118.8,118.8,high,low,4,namesilo,,,18/09/2026 22:06
15b6933d-fcba-45fe-9493-124264eeb54b,plebeian.news,available,8.98,41.48,medium,low,8,namecheap,,,08/09/2026 21:00
f1905392-e251-4339-b2c0-586f53ff1d5f,allen.news,premium,64.35,128.7,high,low,5,namecheap,,,18/09/2026 10:46
275812f9-84a4-44f0-b52c-5614a05359a9,lxiv.news,available,8.98,41.48,medium,low,4,namecheap,,,
cc9b86a5-5cc2-40d3-9116-085ca83a9604,mindy.news,available,14.49,32.49,medium,low,5,namesilo,,,01/10/2026 23:57
39c9b985-7d93-4d79-9e5b-c7eab3ed064c,laurels.news,available,14.49,32.49,high,low,7,namesilo,,,16/09/2026 22:48
59c96a61-753b-4df4-84d9-685112cfe23f,sells.news,available,14.49,32.49,medium,low,5,namesilo,,,28/09/2026 03:41
53192f1f-55c6-44b6-92e5-10230ddaef6a,occupier.news,available,8.98,41.48,high,low,8,namecheap,,,09/09/2026 14:58
820a7051-2fe2-4436-aa9a-4bfa7ccf10e8,perry.news,premium,64.35,128.7,high,low,5,namecheap,,,24/09/2026 16:31
06c516ee-7260-4b5a-a91d-e1ea751df069,biplane.news,available,17.99,43.99,medium,low,7,name.com,,,23/09/2026 19:18
04b5084c-324a-424e-9399-201dc1ac2275,wristband.news,available,14.49,32.49,high,low,9,namesilo,,,24/09/2026 07:49
9f2adb59-ffc9-4b4e-85e3-9ae3e625b084,murmansk.news,premium,118.8,118.8,medium,low,8,namesilo,,,02/10/2026 05:50
41cc09b8-6f4b-4e1d-84de-916173b8adb4,beefsteak.news,available,14.49,32.49,high,low,9,namesilo,,,23/09/2026 01:15
0bf56f1b-5aaf-4ee6-9dfd-99ebd65ad454,abbie.news,available,7.96,26.08,high,low,5,spaceship,,,02/10/2026 00:07
57ac4c35-c191-4060-8610-8f2dbb0b171d,blowy.news,available,8.98,41.48,medium,low,5,namecheap,,,10/08/2026 15:47
5ed827c5-78db-4e02-a996-0c28fc02e194,rosina.news,available,25.2,25.2,high,low,6,cloudflare,,,03/10/2026 05:12
a0698474-af78-41e6-bf64-1900ccfa0e9e,abed.news,available,8.98,41.48,medium,low,4,namecheap,,,13/09/2026 16:13
038d32eb-c5ff-49d0-8a02-ae14c73433ef,algebra.news,available,14.49,32.49,high,low,7,namesilo,,,18/09/2026 06:54
51b359ce-e9bf-444b-b4ce-14ce390bd714,tasking.news,available,7.96,26.08,medium,low,7,spaceship,,,01/10/2026 23:59
9feaa90d-939f-4064-b335-5d4e3edd8f81,wronged.news,available,13.5,,low,low,7,unstoppable,,,02/10/2026 22:02
5def971f-709a-4679-aaf9-f4fec64bdc13,saxophone.news,available,7.96,26.08,high,low,9,spaceship,,,29/09/2026 20:17
57d17598-8698-4640-ba6a-a9a58d991e9f,arugula.news,available,14.49,32.49,medium,low,7,namesilo,,,20/09/2026 12:10
f00995c4-97ce-4a95-9878-e2504724bc61,compensated.news,available,7.96,26.08,high,low,11,spaceship,,,01/10/2026 18:26
976306e1-6de9-4f5d-8f52-7297e3ea1830,pra.news,available,7.96,26.08,high,low,3,spaceship,,,30/09/2026 22:14
1a1f5174-da12-4971-9178-bfd1007126de,airscrew.news,available,14.49,32.49,medium,low,8,namesilo,,,17/09/2026 23:17
8b462b64-c1b6-4fc5-9d70-3c53c4ee832b,pedagogic.news,available,8.98,41.48,medium,low,9,namecheap,,,08/09/2026 12:15
b5b18494-bb62-48a5-965c-09af7bf03b6f,sabine.news,available,8.98,41.48,high,medium,6,namecheap,,,09/09/2026 20:34
a83c0de9-c517-494f-8ad4-e99d51415b63,parvenue.news,available,8.98,41.48,medium,low,8,namecheap,,,03/09/2026 22:16
10391492-aa1f-43ac-87b9-5e37668febfe,carven.news,available,8.98,41.48,medium,low,6,namecheap,,,11/08/2026 19:59
3f6737b8-91f7-4f16-8ae8-ab5b5865945c,easier.news,available,14.49,32.49,high,low,6,namesilo,,,27/09/2026 09:58
586ff68d-b8d5-49fd-a391-92209a71eafc,thugs.news,available,13.5,,medium,low,5,unstoppable,,,30/09/2026 15:25
485aa905-f4fb-4c41-93d1-676cea0539c4,suppression.news,available,14.49,32.49,medium,low,11,namesilo,,,30/09/2026 14:12
1596dbd8-8bf1-4597-ab90-fb0645cbb275,bauhaus.news,available,14.49,32.49,high,low,7,namesilo,,,22/09/2026 16:36
3eeef141-2bc3-4851-b4ad-1c79f07bb52a,futurist.news,available,8.98,41.48,high,low,8,namecheap,,,18/08/2026 19:19
11315768-cc69-4fa7-aee2-9e9bef4a92bd,umpteen.news,available,8.98,41.48,medium,low,7,namecheap,,,11/09/2026 23:06
8fa1fb98-cc8e-4f59-855f-8ff07927a574,arioso.news,available,8.98,41.48,medium,low,6,namecheap,,,20/09/2026 05:35
7208c90f-ebc4-4f46-9149-4f587414d520,homologous.news,available,8.98,41.48,medium,low,10,namecheap,,,21/08/2026 12:58
1760672b-40a3-4f3e-9a3f-c44a05b04e47,praised.news,available,9.85,26.97,medium,low,7,dynadot,,,29/09/2026 16:38
394c5e54-07f4-43d0-9c4d-b9168b8017dc,paget.news,available,9.85,26.97,medium,low,5,dynadot,,,29/09/2026 01:47
22acd0ab-363a-46f1-b38e-33b1ce26290d,chaste.news,available,8.98,41.48,high,low,6,namecheap,,,12/08/2026 03:11
2d9f70ca-9836-4f23-9b23-33118eda260c,imaginary.news,available,8.98,41.48,high,low,9,namecheap,,,21/08/2026 20:16
8e4679f3-9930-4531-9988-e47cae614039,dayspring.news,available,8.98,41.48,high,low,9,namecheap,,,11/09/2026 02:07
9947918b-f7fb-44cf-990e-1dae3bbf6774,started.news,available,14.49,32.49,medium,low,7,namesilo,,,18/09/2026 11:27
626af912-bc14-4e27-8317-8e1a6e578ca6,mercator.news,available,7.96,26.08,high,low,8,spaceship,,,02/10/2026 15:30
45d26e10-9005-4710-b7ed-4b18df67a9dd,murderer.news,available,14.49,32.49,medium,low,8,namesilo,,,25/09/2026 08:59
ca210e27-b705-4451-8e5c-387e2d876a7b,sensibility.news,available,14.49,32.49,high,low,11,namesilo,,,30/09/2026 22:27
97329401-66bf-4762-a188-e51589cd5805,pettigrew.news,available,14.49,32.49,medium,low,9,namesilo,,,02/10/2026 10:09
8f093dbc-4887-4c46-81a6-df44d5237ab5,acousma.news,available,14.49,32.49,medium,low,7,namesilo,,,17/09/2026 02:29
a459c31c-a1af-4c59-a5af-c55edae3f3de,composer.news,premium,118.8,118.8,high,low,8,namesilo,,,24/09/2026 16:53
bcab080b-793a-444e-ad6e-14f72bfa1fd0,misused.news,available,8.98,41.48,medium,low,7,namecheap,,,25/08/2026 01:56
d22d4f8f-0461-447e-af7e-25029320a072,auspicate.news,available,14.49,32.49,medium,low,9,namesilo,,,21/09/2026 03:29
a3932ef1-7515-41dd-ac60-b669c0236b07,commissioners.news,available,7.96,26.08,low,low,13,spaceship,,,02/10/2026 02:36
a66c7122-ae3f-485c-ac42-994322e789e7,parabolic.news,available,8.98,41.48,high,medium,9,namecheap,,,05/09/2026 01:45
ba3ed73a-cb2f-41ee-a2cd-0db61ec807e5,midwifery.news,available,7.96,26.08,high,low,9,spaceship,,,02/10/2026 16:07
31e647eb-b9f0-4832-bce7-d416e1a68652,stilted.news,available,8.98,41.48,medium,low,7,namecheap,,,10/09/2026 20:37
6f9a39c8-8fc3-4dcc-8391-ab83f3996bef,dart.news,resell,,,high,low,4,"Sav.com, LLC - 28",10/07/2026 15:15,10/07/2027 15:15,26/09/2026 05:25
aac80f6d-8bd3-4a57-9c8c-e5a31e5c15e1,kisses.news,available,14.49,32.49,medium,low,6,namesilo,,,28/09/2026 04:53
794193d9-ab99-489f-bd3a-dedd23776c04,lacing.news,available,8.98,41.48,medium,low,6,namecheap,,,13/09/2026 11:13
9e1bfb16-5603-4c67-995d-9620f5ced277,grilled.news,available,8.98,41.48,high,low,7,namecheap,,,08/08/2026 16:31
867c99f4-811d-4d00-a956-c14d51eba9c0,smoky.news,available,8.98,41.48,medium,low,5,namecheap,,,10/09/2026 11:59
0f1ce6f7-7ec5-442c-a55c-2bbcd7d3beca,panicked.news,available,8.98,41.48,medium,low,8,namecheap,,,05/09/2026 00:57
b5ae6d54-3ef1-4172-9935-30fef12850b5,notified.news,available,14.49,32.49,medium,low,8,namesilo,,,28/09/2026 05:08
947f21b4-64a0-4bb6-a5b0-8cc79f82c053,tangled.news,available,8.98,41.48,medium,low,7,namecheap,,,11/09/2026 07:59
36d397a6-2382-4e6f-ab3a-72f36fc20096,balderdash.news,available,8.98,41.48,medium,low,10,namecheap,,,21/09/2026 21:39
0a113367-ff01-4bf2-b8dd-6442288790c1,loyalist.news,available,8.98,41.48,medium,low,8,namecheap,,,10/09/2026 18:31
a7855ac3-238c-4df3-a704-5cf6b0ce7763,haverhill.news,premium,51.43,102.67,medium,low,9,spaceship,,,30/09/2026 05:35
04428c34-8dfa-412e-b505-9f2fb3fb15b5,carriage.news,available,9.85,26.97,high,low,8,dynadot,,,29/09/2026 00:08
938508f7-0bc3-40b1-b006-48961fed2d12,warsaw.news,premium,650,1300,high,low,6,namecheap,,,29/09/2026 06:15
93e6594c-324d-4d2d-9e44-2ff861a984d2,landmarks.news,available,14.49,32.49,medium,low,9,namesilo,,,02/10/2026 22:06
a3331af3-c990-426a-ab6e-3934a690e01a,hutchins.news,available,9.85,26.97,medium,low,8,dynadot,,,28/09/2026 19:28
7cd32a77-0bf6-4b9b-8dff-1509a8eb5e91,prokofiev.news,available,14.49,32.49,medium,low,9,namesilo,,,02/10/2026 16:26
34d6b868-9cd7-4b8e-98bb-07e9133eb296,sunderland.news,available,7.96,26.08,high,low,10,spaceship,,,28/09/2026 03:08
a5a8f8d1-cddf-4a83-aa48-bda6aa24b90a,minna.news,premium,99.5,,medium,low,5,unstoppable,,,01/10/2026 06:17
d2261260-f264-4700-ac01-81e703000ac6,dumbstruck.news,available,8.98,41.48,medium,low,10,namecheap,,,14/08/2026 21:06
b3cb8486-f14f-40e5-b3e6-7d0b1adcea5e,itchy.news,available,8.98,41.48,medium,low,5,namecheap,,,05/08/2026 20:43
693b4066-2b2e-4d11-b5aa-9c3eeec2c988,freestyle.news,premium,130,260,high,low,9,namecheap,,,30/09/2026 17:23
3e260b9f-e14e-4482-9474-b806069b7bb5,bly.news,available,13.5,,medium,low,3,unstoppable,,,02/10/2026 06:48
d2973399-aaff-456a-850d-53a5c759aca9,bindweed.news,available,14.49,32.49,medium,low,8,namesilo,,,23/09/2026 17:12
157034f6-ee6e-44dd-befd-b6d0facbdc5f,blunder.news,available,7.96,26.08,medium,low,7,spaceship,,,02/10/2026 14:29
d0bd6675-581e-443a-8021-539232ab87c8,toughest.news,available,14.49,32.49,medium,low,8,namesilo,,,30/09/2026 00:39
0aa40cda-7b54-4d7c-a482-b38ee214eda1,azoic.news,available,8.98,41.48,medium,low,5,namecheap,,,08/08/2026 02:22
58e4eb0f-da55-45d5-86d7-2b768c324fe3,ayrshire.news,premium,118.8,118.8,high,low,8,namesilo,,,21/09/2026 10:44
f9c1d512-e0f0-4c42-beef-f445739272f0,bush.news,premium,118.8,118.8,high,low,4,namesilo,,,23/09/2026 11:53
00385143-b3a9-4cb1-aadb-ab4b0e0ae8c6,gwyn.news,available,14.49,32.49,medium,low,4,namesilo,,,02/10/2026 05:09
7081d7e7-da4b-4a25-b6b2-049009306a16,confiscated.news,available,25.2,25.2,low,low,11,cloudflare,,,29/09/2026 11:03
a850fa32-0ad3-4a31-b81e-15a9bcb64915,alienage.news,available,14.49,32.49,medium,low,8,namesilo,,,18/09/2026 07:33
62fff925-350a-4778-91f7-54ca8a2e50dc,monumental.news,available,8.98,41.48,high,low,10,namecheap,,,25/09/2026 17:13
698c331d-c650-4ffa-8e6f-d3210bf02af0,forecaster.news,available,14.49,32.49,high,low,10,namesilo,,,03/10/2026 00:49
f645136d-9b97-4e87-b4db-c7d5bcf4e227,tensile.news,available,8.98,41.48,medium,low,7,namecheap,,,11/09/2026 11:30
7e8e8bd6-e2d3-4c47-9171-db0b07976b0e,kenalog.news,available,14.49,32.49,medium,low,7,namesilo,,,20/09/2026 05:49
acaf0d1f-c659-405a-888d-bc344176b9f1,defenders.news,available,19.99,55.99,low,low,9,godaddy,,,01/10/2026 00:48
79fa40b3-ecbd-43df-bc2c-00e9e786af16,aback.news,available,8.98,41.48,high,low,5,namecheap,,,13/09/2026 16:07
36a3fa5a-c362-4fd8-a4ac-431fd986d794,rotterdam.news,premium,1000.5,,high,low,9,unstoppable,,,03/10/2026 01:57
8f9be47a-9c6f-4d83-9d18-3b2705a6976f,haryana.news,premium,99.5,,medium,low,7,unstoppable,,,30/09/2026 12:51
40576fa6-2bf4-46c5-bb9c-d878b53e78bc,waning.news,available,8.98,41.48,medium,low,6,namecheap,,,13/09/2026 08:04
0002b894-1c12-483e-94d3-c68094efb32d,countess.news,available,9.85,26.97,medium,low,8,dynadot,,,28/09/2026 13:48
16ef126f-159f-4311-956b-13c18ac0a9e2,uncultivated.news,available,7.96,26.08,medium,low,12,spaceship,,,01/10/2026 05:35